,flexMed,flexMin,flexMax
A0A075B6H7,1.0005357142857143,0.9300357142857143,1.0399047619047619
A0A075B6I0,1.000357142857143,0.939607142857143,1.051154761904762
A0A075B6J9,1.009797619047619,0.9449880952380955,1.0503809523809526
A0A075B6K4,1.0063750000000002,0.9391190476190477,1.0562142857142858
A0A075B6K5,0.9990654761904763,0.9421309523809525,1.0441666666666667
A0A075B6P5,0.9993214285714286,0.9368571428571428,1.047107142857143
A0A075B6Q5,0.9977261904761905,0.9369642857142857,1.055964285714286
A0A075B6R2,1.0030535714285713,0.9287380952380954,1.0602857142857143
A0A075B6R9,1.0016309523809523,0.9444047619047621,1.047107142857143
A0A075B6S2,0.9993214285714286,0.940845238095238,1.0477857142857143
A0A075B6S5,0.9968035714285715,0.9438452380952382,1.060511904761905
A0A075B6S6,1.0010833333333333,0.9444047619047621,1.047107142857143
A0A075B6S9,0.9968035714285715,0.9424642857142858,1.0591309523809525
A0A087WSY4,0.998904761904762,0.9287380952380954,1.054845238095238
A0A087WSY6,0.9962738095238095,0.9300357142857143,1.0414285714285714
A0A087WSZ0,0.9895654761904762,0.9429404761904762,1.0664404761904762
A0A087WW87,1.0020059523809524,0.9382738095238095,1.047107142857143
A0A0A0MRZ7,0.9962261904761904,0.9309404761904762,1.047107142857143
A0A0A0MRZ8,1.0015059523809524,0.9300357142857143,1.0557261904761905
A0A0A0MS15,0.9993630952380952,0.9379166666666666,1.0565238095238096
A0A0A0MT36,1.0038095238095237,0.9385595238095238,1.0539404761904763
A0A0A0MT89,1.0120238095238094,1.0054166666666666,1.039095238095238
A0A0B4J1V0,1.0003095238095239,0.9390119047619047,1.059059523809524
A0A0B4J1V1,0.9975238095238096,0.9361071428571428,1.0600476190476191
A0A0B4J1V2,0.9980952380952379,0.9335714285714287,1.0588095238095239
A0A0B4J1V6,0.9997857142857143,0.9379166666666666,1.0613928571428572
A0A0B4J1X5,0.9963928571428572,0.9379166666666666,1.055964285714286
A0A0B4J1Y8,1.0000595238095236,0.9467380952380954,1.065559523809524
A0A0B4J1Y9,0.9999107142857142,0.931607142857143,1.0631428571428572
A0A0B4J2D9,0.9968035714285715,0.9429404761904762,1.0668214285714286
A0A0B4J2H0,0.9980714285714285,0.9325714285714286,1.0703333333333336
A0A0C4DH24,1.0038095238095237,0.9385595238095238,1.0539404761904763
A0A0C4DH25,1.002452380952381,0.9300357142857143,1.049845238095238
A0A0C4DH29,0.9975833333333333,0.9369047619047618,1.0703333333333336
A0A0C4DH30,1.0008154761904762,0.9394880952380953,1.0525238095238096
A0A0C4DH31,0.9976845238095238,0.9369047619047618,1.0703333333333336
A0A0C4DH32,0.9998392857142857,0.9379166666666666,1.0600476190476191
A0A0C4DH33,1.0013511904761905,0.9370714285714286,1.0703333333333336
A0A0C4DH34,0.9972261904761905,0.9287380952380954,1.054845238095238
A0A0C4DH35,0.9980119047619048,0.9394880952380953,1.0460238095238097
A0A0C4DH38,0.9999464285714286,0.9346190476190476,1.0703333333333336
A0A0C4DH41,0.999761904761905,0.9287380952380954,1.054845238095238
A0A0C4DH42,0.9962261904761905,0.9379166666666666,1.055964285714286
A0A0C4DH43,0.9945297619047619,0.9463214285714285,1.0590476190476192
A0A0C4DH55,1.0009880952380954,0.9274166666666668,1.0417619047619049
A0A0C4DH67,0.9913690476190475,0.9429404761904762,1.0668214285714286
A0A0C4DH68,1.0015000000000003,0.9442499999999999,1.047107142857143
A0A0C4DH69,0.9935,0.9429404761904762,1.0668214285714286
A0A0C4DH72,0.9955773809523809,0.9429404761904762,1.0668214285714286
A0A0C4DH73,0.9964940476190476,0.9405595238095237,1.0668214285714286
A0A0G2JMI3,0.9988869047619048,0.9387380952380954,1.0703333333333336
A0A0J9YVY3,0.9932916666666667,0.9369047619047618,1.0777142857142858
A0A0J9YX35,0.9983273809523809,0.9260357142857144,1.055964285714286
A0A0J9YXX1,0.9987738095238095,0.9346190476190476,1.0703333333333336
A0A2R8Y4L2,1.0158690476190475,0.9443214285714285,1.0819642857142857
A0A2R8Y619,1.0048809523809525,0.9508214285714287,1.076952380952381
A0A8I5KQE6,1.0009761904761905,0.9384047619047619,1.0899642857142857
A0M8Q6,1.010047619047619,0.9493571428571428,1.0650714285714287
A2NJV5,0.9993214285714286,0.940845238095238,1.0477857142857143
A5A3E0,1.0094821428571428,0.9255119047619047,1.077952380952381
A6ND36,1.012202380952381,0.9501190476190476,1.0806904761904763
A6NE02,0.9914404761904763,0.9429642857142857,1.0496666666666667
A6NHL2,0.9947142857142857,0.9322380952380952,1.060357142857143
A6NMY6,1.006125,0.9455952380952382,1.065357142857143
A8MTL9,0.9955059523809524,0.9480833333333333,1.0682857142857145
B2RXH8,1.021357142857143,0.9546666666666668,1.0834880952380952
B7ZW38,1.0207619047619045,0.9585238095238096,1.0787142857142857
B9A064,1.007845238095238,0.942059523809524,1.0650714285714287
F6WE04,0.9984166666666667,0.9259404761904761,1.0680952380952382
H0Y8K0,1.0032857142857143,0.9506785714285714,1.087011904761905
O00294,1.0205595238095237,0.9439880952380952,1.095047619047619
O00299,1.0052142857142856,0.9383571428571429,1.0676904761904762
O00391,0.9973511904761905,0.9266309523809524,1.0632380952380953
O00443,1.002547619047619,0.9336190476190476,1.081214285714286
O14556,0.9992380952380951,0.9465,1.0705833333333334
O14734,0.993672619047619,0.9366904761904762,1.0530952380952383
O14791,1.0033809523809525,0.9312142857142858,1.0665000000000002
O15217,0.9961904761904763,0.9462261904761905,1.0736428571428571
O43866,1.0016845238095238,0.9356190476190478,1.0720595238095239
O60307,1.008345238095238,0.9308809523809526,1.0711785714285715
O60641,1.0069345238095238,0.9488333333333333,1.0710714285714285
O60664,1.0059404761904762,0.9503809523809523,1.0823928571428572
O60812,1.0224345238095238,0.9585238095238096,1.0884642857142859
O60814,1.0142142857142855,0.9502976190476191,1.085809523809524
O75157,1.010952380952381,0.951,1.0706071428571429
O75161,0.998904761904762,0.9260357142857142,1.0721309523809526
O75368,1.017988095238095,0.944154761904762,1.0635000000000001
O75390,0.9958809523809523,0.9416547619047618,1.0674761904761905
O75636,1.0013452380952381,0.9383690476190477,1.0660238095238097
O75874,1.0030833333333335,0.9495119047619047,1.0658690476190478
O76027,0.9996190476190476,0.9401428571428573,1.0604166666666668
O95445,0.9979880952380951,0.932857142857143,1.058095238095238
P00338,0.9966666666666667,0.9365119047619048,1.0726904761904763
P00450,1.000940476190476,0.9264285714285714,1.079107142857143
P00488,0.9990119047619048,0.940047619047619,1.0785238095238097
P00505,0.997642857142857,0.9397738095238095,1.0609404761904764
P00519,1.0120595238095238,0.932107142857143,1.0723333333333334
P00558,1.002452380952381,0.9502500000000002,1.0809285714285715
P00734,1.0016666666666667,0.9427976190476192,1.0811428571428574
P00736,0.9991607142857144,0.9383214285714286,1.0757857142857143
P00738,1.0003809523809524,0.9404642857142856,1.0733214285714285
P00739,0.9964404761904765,0.9404642857142856,1.0558928571428572
P00740,1.0004821428571429,0.9354166666666667,1.0711666666666668
P00742,1.0054285714285716,0.9414642857142856,1.0733809523809523
P00746,0.9929583333333334,0.9468809523809524,1.0630238095238096
P00748,0.9965535714285715,0.9279047619047619,1.0711547619047619
P00751,1.003607142857143,0.9319285714285716,1.0680833333333335
P01008,1.0025000000000002,0.9287380952380951,1.0725000000000002
P01011,0.9980833333333332,0.9292142857142858,1.0725714285714285
P01019,0.9917976190476191,0.9303690476190477,1.0682976190476192
P01023,1.0006309523809525,0.9286190476190475,1.0768333333333335
P01024,1.002220238095238,0.9354642857142859,1.0848333333333333
P01031,0.9989166666666666,0.9275,1.0859285714285716
P01042,1.0086309523809522,0.9364404761904762,1.0804523809523812
P01591,0.9976607142857143,0.9303333333333332,1.057940476190476
P01593,0.9977202380952381,0.9426904761904763,1.0668214285714286
P01594,0.9977202380952381,0.9426904761904763,1.0668214285714286
P01597,0.9967678571428571,0.9395238095238095,1.0668214285714286
P01599,0.9982202380952381,0.9405595238095237,1.0668214285714286
P01601,0.9943511904761905,0.9412499999999999,1.0668214285714286
P01602,1.0000535714285714,0.9429404761904762,1.0668214285714286
P01611,0.9961428571428572,0.9405595238095237,1.0668214285714286
P01614,1.0020059523809524,0.9382738095238095,1.047107142857143
P01615,0.9993214285714286,0.9368571428571428,1.047107142857143
P01619,1.0033928571428572,0.9300357142857143,1.049845238095238
P01624,0.9996785714285713,0.9300357142857143,1.0414285714285714
P01699,1.0062976190476192,0.9463095238095239,1.0528452380952382
P01700,1.0049107142857143,0.9463095238095239,1.0504285714285715
P01701,1.004857142857143,0.9404761904761905,1.0502380952380952
P01703,1.0035714285714286,0.9452261904761905,1.0480476190476193
P01714,1.000916666666667,0.9406190476190476,1.0538809523809525
P01717,1.0054285714285716,0.940392857142857,1.052952380952381
P01718,1.0031428571428571,0.9397619047619047,1.0562142857142858
P01721,1.002767857142857,0.9452261904761905,1.0604404761904764
P01743,0.9992738095238096,0.9351547619047619,1.0703333333333336
P01762,0.9979107142857142,0.9375357142857143,1.0600476190476191
P01763,0.9975238095238096,0.9264166666666667,1.0600476190476191
P01764,0.9976785714285714,0.9383928571428571,1.055964285714286
P01766,0.9988333333333334,0.9379166666666666,1.0631428571428574
P01767,0.9965595238095238,0.9243690476190477,1.055964285714286
P01772,0.9963928571428572,0.9385833333333334,1.055964285714286
P01780,0.9979345238095239,0.9379166666666666,1.0600476190476191
P01782,0.998202380952381,0.9388214285714285,1.0600476190476191
P01814,0.9941845238095237,0.9362023809523811,1.0590476190476192
P01824,0.9983750000000001,0.9287380952380954,1.054845238095238
P01825,0.998904761904762,0.9287380952380954,1.054845238095238
P01834,1.0086369047619046,0.9477619047619047,1.0696190476190477
P01857,1.0034464285714289,0.9312857142857144,1.0792857142857144
P01859,1.0019166666666663,0.9312857142857144,1.0670119047619049
P01860,1.0040000000000002,0.9312857142857144,1.0676785714285715
P01861,1.003357142857143,0.9312857142857144,1.0670119047619049
P01871,1.0022857142857142,0.9330952380952382,1.069404761904762
P01876,0.9993928571428571,0.9328452380952382,1.0727976190476192
P01877,0.9991964285714287,0.9334642857142857,1.0740357142857142
P01880,1.004047619047619,0.9318928571428571,1.1002857142857143
P02647,1.0086130952380952,0.9391428571428572,1.0669642857142858
P02649,1.0074880952380953,0.9384642857142858,1.0687738095238097
P02652,1.0055833333333335,0.9378452380952382,1.0691309523809525
P02655,1.0042619047619048,0.9346190476190477,1.0538214285714285
P02656,1.0037738095238096,0.9379880952380952,1.0604761904761906
P02671,1.014107142857143,0.9388095238095238,1.0658809523809525
P02675,1.007297619047619,0.9228452380952381,1.0751428571428572
P02679,1.0035357142857144,0.9295238095238096,1.0690714285714287
P02741,0.9991666666666668,0.9375238095238096,1.0632023809523812
P02743,0.9968035714285715,0.9391428571428572,1.0487023809523808
P02745,1.007982142857143,0.9282142857142857,1.0747738095238095
P02746,1.0069166666666667,0.9397738095238095,1.0702857142857145
P02747,1.0045238095238096,0.9394166666666667,1.0715714285714286
P02748,1.0019166666666668,0.9369523809523811,1.0777857142857143
P02749,0.9990059523809524,0.9402500000000001,1.0678095238095238
P02750,1.0004761904761903,0.9379047619047618,1.0561190476190476
P02753,0.9975654761904762,0.9350952380952381,1.0585000000000002
P02760,0.9971666666666666,0.9383809523809525,1.0674880952380954
P02763,1.0005654761904763,0.9447261904761904,1.0840714285714288
P02765,1.0016845238095238,0.933595238095238,1.0708333333333333
P02766,0.9972738095238096,0.9371190476190476,1.0614404761904763
P02768,1.0019285714285715,0.9346904761904763,1.0696666666666668
P02771,0.999297619047619,0.9357142857142858,1.0736666666666668
P02774,1.0059285714285715,0.9305714285714286,1.0678928571428572
P02786,1.0000119047619047,0.9273214285714285,1.0673809523809525
P02787,1.0005833333333334,0.936107142857143,1.0749404761904762
P02790,0.9979642857142856,0.937452380952381,1.0774642857142858
P02814,1.0156488095238096,0.9348095238095239,1.0419404761904763
P03952,0.9951190476190477,0.9310714285714287,1.081797619047619
P04003,1.0008452380952382,0.938654761904762,1.0611309523809525
P04004,1.0059523809523812,0.9319880952380951,1.0731785714285715
P04040,1.0019166666666668,0.9341309523809526,1.0642500000000001
P04075,1.0008809523809523,0.9486309523809524,1.0691309523809525
P04080,1.0055238095238095,0.9409047619047619,1.081607142857143
P04114,1.0023095238095237,0.933404761904762,1.078904761904762
P04180,0.9929642857142856,0.930952380952381,1.0691190476190477
P04196,1.002595238095238,0.9416785714285714,1.0773214285714285
P04217,1.001029761904762,0.9330833333333333,1.061059523809524
P04350,0.9992857142857141,0.9400119047619048,1.0812619047619048
P04430,0.9952619047619047,0.9412499999999999,1.0668214285714286
P04432,0.9967678571428571,0.9395238095238095,1.0668214285714286
P04433,1.0015059523809524,0.9300357142857143,1.0557261904761905
P04792,1.005375,0.951547619047619,1.065107142857143
P04908,1.0036904761904764,0.9463690476190477,1.0602976190476192
P05062,1.0020238095238096,0.950702380952381,1.0677023809523811
P05089,1.0035833333333333,0.9396547619047618,1.0724285714285715
P05090,0.9997261904761905,0.9304642857142857,1.0518214285714287
P05109,0.9996488095238096,0.9500595238095237,1.0704761904761906
P05154,0.9969642857142857,0.9229880952380953,1.0685833333333334
P05155,1.001261904761905,0.9401666666666669,1.057952380952381
P05156,0.9968095238095238,0.9198095238095237,1.0747976190476192
P05160,1.0004404761904762,0.9327380952380951,1.074357142857143
P05166,0.9969464285714285,0.9434761904761906,1.061702380952381
P05204,1.0489404761904761,0.990607142857143,1.0856190476190477
P05496,0.9912857142857144,0.927452380952381,1.0569404761904762
P05543,0.9963690476190475,0.9321309523809523,1.075154761904762
P05546,0.9993809523809524,0.9238571428571428,1.0660476190476191
P06310,1.0022380952380954,0.9444047619047621,1.047107142857143
P06312,0.9988690476190476,0.9344285714285715,1.0521190476190476
P06331,0.9971428571428571,0.9287380952380954,1.054845238095238
P06396,1.0035833333333333,0.9381666666666666,1.0815238095238096
P06576,0.9994821428571429,0.9503333333333334,1.0615357142857145
P06681,1.000202380952381,0.9249761904761906,1.0730595238095237
P06702,1.0123333333333333,0.9525476190476192,1.0857142857142859
P06727,1.0113571428571428,0.9421666666666666,1.084809523809524
P06733,1.0057142857142858,0.9465238095238097,1.065154761904762
P06899,1.0142142857142855,0.950107142857143,1.085809523809524
P07225,1.0026428571428572,0.9336428571428572,1.07425
P07339,0.9983571428571428,0.935940476190476,1.056154761904762
P07357,1.0022261904761904,0.929404761904762,1.0755833333333333
P07358,1.000607142857143,0.9400952380952381,1.0639761904761906
P07360,0.9931309523809526,0.9448333333333335,1.0468809523809524
P07384,0.9991071428571429,0.9354999999999999,1.0703809523809524
P07437,0.9993095238095239,0.9400119047619048,1.0629880952380952
P07737,1.0002857142857142,0.9597380952380954,1.0418095238095237
P07910,1.0223214285714286,0.9495714285714287,1.0884642857142859
P07996,1.0072857142857143,0.9392857142857144,1.0730714285714287
P08185,0.9948095238095238,0.9225833333333333,1.0606309523809525
P08603,1.0029523809523808,0.9274047619047621,1.0830476190476193
P08670,1.0107261904761904,0.9598809523809523,1.0631071428571428
P08697,0.9982797619047619,0.9322023809523811,1.0700714285714288
P09104,1.003059523809524,0.9465238095238097,1.065154761904762
P09211,0.992702380952381,0.9437500000000001,1.0668214285714288
P09871,1.0007619047619047,0.9337976190476189,1.077059523809524
P0C0L4,1.0001309523809523,0.9231428571428573,1.0699404761904763
P0C0L5,1.0000714285714285,0.9231428571428573,1.0699404761904763
P0CF74,1.0105833333333334,0.9490238095238096,1.057761904761905
P0CG04,1.0091071428571428,0.9490238095238096,1.0650714285714287
P0CG38,1.0093571428571428,0.9255119047619047,1.077952380952381
P0CG47,1.0112619047619047,0.951904761904762,1.0632023809523812
P0CG48,1.0102619047619048,0.951904761904762,1.0632023809523812
P0DMR1,1.0207619047619045,0.9585238095238096,1.0787142857142857
P0DMV8,1.0072559523809523,0.9453452380952382,1.0745
P0DOY2,1.010047619047619,0.9490238095238096,1.057761904761905
P0DOY3,1.010047619047619,0.9490238095238096,1.0622380952380954
P0DP01,0.9982380952380954,0.9369047619047618,1.0703333333333336
P0DP02,0.9963928571428572,0.9385833333333334,1.055964285714286
P0DP03,0.9971428571428571,0.9385833333333334,1.055964285714286
P0DP04,0.9948809523809524,0.9379166666666666,1.0600476190476191
P0DP06,0.9976190476190477,0.9287380952380954,1.054845238095238
P0DP07,0.9946190476190476,0.9287380952380954,1.0458333333333332
P0DP08,0.9975892857142858,0.9287380952380954,1.054845238095238
P0DP09,0.9968035714285715,0.9429404761904762,1.0668214285714286
P0DPH8,0.9956904761904762,0.9323809523809524,1.0678928571428574
P0DSN7,0.9968035714285715,0.9424642857142858,1.0591309523809525
P10412,1.0325416666666665,0.9684523809523808,1.082547619047619
P10643,1.004952380952381,0.9393452380952381,1.0862380952380952
P10809,1.0041250000000002,0.9385714285714286,1.0769166666666667
P11021,1.0107142857142857,0.9393333333333335,1.0912380952380953
P11142,1.0083928571428573,0.9413095238095239,1.0745
P11597,0.9928869047619049,0.9382142857142858,1.0545238095238094
P12259,1.0070238095238093,0.9363571428571428,1.0813928571428573
P12270,1.019220238095238,0.9490000000000001,1.0911904761904763
P12273,0.9887619047619047,0.9328690476190477,1.0502738095238098
P13639,1.000047619047619,0.9369047619047619,1.0877500000000002
P13671,1.0053809523809523,0.9351190476190476,1.0785357142857144
P13796,1.0040892857142858,0.9333809523809523,1.0757023809523811
P13929,1.003809523809524,0.9465238095238097,1.065154761904762
P13942,1.0245,0.9390952380952383,1.0772380952380953
P14136,1.009404761904762,0.9585238095238098,1.0721904761904764
P14618,0.9994047619047619,0.9465833333333334,1.0661666666666667
P14923,0.9980714285714286,0.9412857142857141,1.0625714285714287
P15104,1.0031666666666665,0.9323809523809524,1.0544404761904762
P15311,1.0138690476190477,0.9295119047619048,1.0819285714285716
P15814,1.0055535714285715,0.940309523809524,1.055654761904762
P16104,1.0072440476190478,0.9463690476190477,1.0594761904761907
P16401,1.0331428571428571,0.9692380952380952,1.082547619047619
P16402,1.0312619047619047,0.9684523809523808,1.082547619047619
P16403,1.0306250000000001,0.9684523809523808,1.082547619047619
P17066,1.0041011904761905,0.9451547619047619,1.0731547619047621
P17174,0.9989166666666668,0.9392499999999999,1.0657142857142858
P18124,1.0034642857142857,0.9442023809523808,1.074511904761905
P18428,0.9964345238095238,0.9412380952380952,1.0666428571428572
P18583,1.0114880952380954,0.9410357142857144,1.1013333333333335
P19652,0.999922619047619,0.9409880952380953,1.0840714285714288
P19823,1.0015,0.916,1.0807380952380952
P19827,0.9998809523809523,0.9333928571428574,1.075654761904762
P19961,0.9990714285714286,0.9281785714285714,1.0705952380952382
P20339,1.0083035714285713,0.9407738095238096,1.0647142857142857
P20671,1.0065595238095237,0.9463690476190477,1.0602976190476192
P20848,1.0006845238095239,0.9367142857142857,1.0747380952380954
P20851,1.0016785714285714,0.9115476190476189,1.0713809523809525
P20929,1.0082976190476192,0.9300476190476191,1.0863333333333334
P21439,0.9963928571428572,0.9329285714285714,1.082845238095238
P22352,0.9956964285714285,0.940202380952381,1.0731904761904763
P22735,1.0018333333333334,0.9298809523809524,1.0759761904761906
P22792,0.9918392857142857,0.9363928571428572,1.0595238095238095
P23083,0.9931607142857143,0.9369047619047618,1.0703333333333336
P23142,0.9955357142857142,0.9276309523809523,1.0715357142857143
P23381,1.0035714285714286,0.9330119047619048,1.0669285714285712
P23526,0.9956904761904762,0.9406666666666665,1.0612857142857142
P23528,1.0101785714285714,0.9366785714285714,1.0893452380952382
P25311,1.0040476190476193,0.9395238095238098,1.074892857142857
P25705,0.9997083333333334,0.9381666666666666,1.0767142857142857
P26038,1.0151904761904762,0.94325,1.0860476190476192
P26641,1.0019166666666668,0.9300714285714287,1.0785595238095238
P27169,0.9973154761904762,0.9374404761904762,1.0620595238095238
P27918,1.0008511904761905,0.9445952380952382,1.0700238095238095
P29508,1.0049761904761905,0.9395476190476192,1.0915952380952383
P29622,0.9951309523809524,0.9303809523809524,1.0673690476190476
P29692,1.013047619047619,0.9506071428571429,1.0856785714285715
P30101,1.0081130952380954,0.9360238095238096,1.0972857142857144
P30613,0.9979880952380953,0.9405714285714287,1.054357142857143
P31151,1.005202380952381,0.9560952380952381,1.0911428571428572
P31153,0.9988869047619048,0.9439285714285713,1.0620238095238097
P31947,1.0066309523809527,0.9448928571428572,1.0797261904761908
P32119,0.9991785714285716,0.9357857142857142,1.0594642857142857
P33778,1.0142142857142855,0.950107142857143,1.085809523809524
P33991,1.0043571428571427,0.9399880952380952,1.0753214285714288
P35232,0.9984642857142858,0.9380833333333333,1.0657023809523811
P35241,1.0177440476190476,0.938202380952381,1.0897857142857144
P35268,1.0105238095238096,0.9527142857142857,1.0869523809523811
P35579,1.0155833333333335,0.9340476190476191,1.085202380952381
P35858,0.994,0.9279047619047619,1.0616428571428573
P36955,1.003309523809524,0.9340357142857143,1.0665357142857144
P36980,1.003654761904762,0.9301904761904763,1.074202380952381
P38646,1.0073630952380954,0.9503095238095239,1.0910714285714287
P41250,1.001125,0.9362738095238095,1.0821428571428573
P42684,1.0087261904761906,0.932107142857143,1.076714285714286
P43652,1.0017738095238096,0.9215714285714286,1.0615357142857145
P46459,1.0036785714285714,0.948392857142857,1.0746428571428572
P47929,1.0002738095238097,0.9401309523809525,1.048107142857143
P48201,0.9948690476190476,0.927452380952381,1.0569404761904762
P49368,1.0001071428571429,0.9499404761904762,1.0708928571428569
P49908,1.0050892857142857,0.9320595238095238,1.0778452380952384
P50213,0.9983214285714287,0.9518452380952379,1.0705238095238097
P50607,1.0140595238095238,0.9456666666666665,1.0896428571428574
P50991,1.0025892857142857,0.9284761904761906,1.0577738095238096
P51148,1.004404761904762,0.9407738095238096,1.0647142857142857
P51149,1.002845238095238,0.9396190476190478,1.0585119047619047
P51854,0.9940476190476192,0.9315119047619047,1.0694285714285716
P51884,1.0025000000000002,0.9415119047619048,1.0660238095238097
P53634,0.9936666666666666,0.9425833333333332,1.061059523809524
P53675,0.9959166666666667,0.9248452380952381,1.0661428571428573
P54315,1.0014761904761906,0.9308214285714285,1.066297619047619
P55058,0.9941071428571429,0.9319404761904762,1.0547619047619048
P55327,1.0169404761904761,0.965904761904762,1.0743690476190477
P55854,1.0137261904761903,0.9592499999999999,1.082702380952381
P57053,1.0159404761904762,0.9502976190476191,1.071297619047619
P58876,1.0142142857142855,0.9502976190476191,1.085809523809524
P59923,1.0055833333333335,0.9363214285714285,1.0824761904761906
P60174,1.0006964285714286,0.9458928571428571,1.0658928571428572
P60660,1.007470238095238,0.9524404761904763,1.0622142857142858
P60709,0.9987499999999999,0.9455119047619048,1.0696190476190477
P60842,0.9983928571428573,0.9470595238095237,1.0660476190476191
P60900,0.9989404761904762,0.9362023809523811,1.0844761904761906
P61020,1.0044404761904762,0.9407738095238096,1.0647142857142857
P61604,1.0044523809523809,0.9554523809523809,1.072
P61626,0.9913214285714286,0.9333809523809523,1.0442500000000001
P61956,1.0125000000000002,0.9592499999999999,1.0775833333333336
P62191,1.0092857142857143,0.944452380952381,1.0951190476190478
P62195,1.0045119047619047,0.9452857142857143,1.0697738095238096
P62241,1.0100833333333332,0.9448690476190477,1.0721785714285714
P62318,1.004154761904762,0.9587142857142856,1.0642500000000001
P62424,1.0035357142857142,0.9486071428571428,1.0876309523809524
P62753,1.0102619047619048,0.9424404761904761,1.0815357142857143
P62805,1.0030059523809522,0.9484166666666667,1.0548690476190477
P62807,1.0142142857142855,0.9502976190476191,1.085809523809524
P62826,0.9960952380952383,0.947059523809524,1.0712619047619047
P62851,1.015886904761905,0.9605952380952381,1.089797619047619
P62913,1.005238095238095,0.937404761904762,1.070857142857143
P62937,1.0043333333333333,0.9412142857142859,1.076845238095238
P62979,1.0125595238095237,0.9352738095238096,1.0861190476190477
P62987,1.0090476190476192,0.9398214285714285,1.0632023809523812
P63104,1.0102083333333334,0.9431428571428572,1.075452380952381
P63220,1.001404761904762,0.9542023809523812,1.046547619047619
P63261,0.9987499999999999,0.9455119047619048,1.0696190476190477
P68363,0.9962261904761905,0.9323809523809524,1.076
P68371,0.9994880952380951,0.9400119047619048,1.0812619047619048
P68431,1.003452380952381,0.9534166666666669,1.0565357142857141
P68871,0.9964642857142856,0.9376428571428571,1.0577142857142858
P78563,1.0071785714285713,0.9293452380952381,1.0716785714285715
P80748,1.0024107142857144,0.9447738095238097,1.0464047619047618
P81605,1.0185238095238094,0.9404761904761905,1.0655238095238095
P84103,1.0174642857142857,0.9409761904761903,1.061857142857143
P84243,1.006952380952381,0.9534166666666669,1.0594880952380952
Q00325,0.9907857142857143,0.9319642857142857,1.0728690476190477
Q02413,1.0044761904761905,0.9282261904761905,1.0673333333333335
Q02878,1.0087857142857144,0.9506904761904761,1.0890952380952381
Q03001,1.0103809523809524,0.9308214285714285,1.087904761904762
Q04756,0.9975178571428571,0.9279047619047619,1.0632261904761906
Q06055,0.9951726190476191,0.927452380952381,1.0569404761904762
Q06830,1.0033988095238096,0.9326904761904762,1.0690119047619049
Q08554,1.0051428571428571,0.9148571428571428,1.0733809523809525
Q12931,1.0005119047619049,0.9410833333333334,1.0830714285714287
Q13148,1.0096071428571427,0.9397023809523808,1.0716666666666668
Q13642,0.9986428571428573,0.9331071428571429,1.0574285714285716
Q13790,0.9976666666666667,0.9312261904761906,1.074654761904762
Q13796,1.0154166666666664,0.940940476190476,1.0842500000000002
Q13835,1.0043392857142857,0.9440714285714287,1.0757261904761906
Q13867,0.9989464285714287,0.9262023809523809,1.0726309523809523
Q14185,1.0023154761904762,0.9337500000000001,1.1009523809523811
Q14240,0.9981547619047619,0.9429761904761904,1.0638809523809525
Q14315,1.0061309523809525,0.9335833333333332,1.077952380952381
Q14520,1.001107142857143,0.9246666666666666,1.0817380952380955
Q14554,1.0023392857142857,0.9265476190476192,1.0690952380952383
Q14562,1.0060952380952384,0.9372142857142857,1.0841190476190479
Q14568,1.0146428571428574,0.9485000000000001,1.0983809523809525
Q14624,1.0019047619047619,0.9383690476190477,1.0729642857142858
Q14667,0.9968690476190477,0.9323571428571429,1.0789761904761908
Q15195,1.0078333333333334,0.9328095238095239,1.0622380952380954
Q15326,1.0084404761904762,0.9236785714285715,1.0850714285714287
Q15517,1.016482142857143,0.9480119047619049,1.0710595238095237
Q15717,1.0010000000000001,0.9371309523809525,1.0643809523809524
Q15846,1.0039761904761906,0.9195595238095238,1.0735714285714286
Q16610,1.0041666666666664,0.9366428571428571,1.0708095238095239
Q16695,1.003452380952381,0.9539404761904762,1.0565357142857141
Q16777,1.0057142857142858,0.9463690476190477,1.0675357142857143
Q16778,1.0142142857142855,0.950107142857143,1.085809523809524
Q1KMD3,1.0164702380952382,0.9458809523809523,1.092761904761905
Q1XH10,1.005845238095238,0.9448095238095239,1.094
Q2M3G0,0.9959345238095237,0.9270595238095238,1.0778452380952384
Q3ZCM7,0.9983690476190477,0.9429761904761904,1.0771190476190478
Q4VXU2,1.001107142857143,0.9409047619047619,1.0662500000000001
Q53RT3,1.0019404761904762,0.9248928571428572,1.069702380952381
Q562R1,0.9983571428571429,0.9430119047619049,1.0644523809523811
Q58FF6,1.0107083333333333,0.9295,1.0961904761904764
Q5D862,1.0184285714285712,0.9419523809523811,1.0861190476190477
Q5QNW6,1.0142142857142855,0.9502976190476191,1.085809523809524
Q5SRH9,0.998922619047619,0.9259404761904761,1.0680952380952382
Q5SYB0,1.0078928571428574,0.9262738095238096,1.0805119047619047
Q5TEH5,1.010654761904762,0.9328095238095239,1.061857142857143
Q5VSP4,0.9998690476190475,0.9515595238095238,1.0621428571428573
Q5VVH2,1.004559523809524,0.9518095238095238,1.0669166666666667
Q68CZ6,1.0083988095238094,0.9385119047619047,1.0833095238095238
Q6E0U4,1.0190833333333333,0.9347380952380953,1.066904761904762
Q6FI13,1.0065595238095237,0.9463690476190477,1.0602976190476192
Q6IMN6,1.0146369047619048,0.9301785714285713,1.0842142857142858
Q6P5R6,1.0125357142857143,0.9533809523809526,1.0780119047619048
Q6PGN9,1.0153928571428574,0.9467261904761906,1.0760952380952382
Q6PII3,1.0236309523809521,0.9493452380952382,1.0874404761904763
Q6S8J3,1.0095654761904762,0.9255119047619047,1.077952380952381
Q6UWL2,0.9971726190476191,0.9342619047619048,1.0688928571428573
Q6UWP8,1.0063333333333333,0.9446666666666668,1.0691666666666668
Q6V0I7,1.0023869047619045,0.9321904761904762,1.1
Q6ZS17,1.0055833333333333,0.934297619047619,1.080547619047619
Q6ZW49,1.0039166666666666,0.9280833333333334,1.094
Q70JA7,1.0024404761904764,0.9377857142857143,1.0800238095238097
Q71DI3,1.0052023809523807,0.9534166666666669,1.0565357142857141
Q71U36,0.9961428571428572,0.9323809523809524,1.076
Q7L7L0,1.0036904761904764,0.9463690476190477,1.0602976190476192
Q7Z3V4,0.9931071428571427,0.9315833333333333,1.0694761904761905
Q7Z4S6,1.0113690476190476,0.933059523809524,1.094
Q7Z5P9,1.0091071428571428,0.925,1.0781785714285714
Q86UK0,0.9957738095238096,0.9235357142857142,1.0757023809523811
Q86UX7,0.9987678571428571,0.9416904761904762,1.1003809523809527
Q86V15,1.0089583333333334,0.9323333333333333,1.0865952380952382
Q86V24,0.9834404761904763,0.9247857142857143,1.0693333333333332
Q86XI8,0.9976309523809523,0.9420952380952382,1.0690238095238096
Q86YZ3,1.0239285714285713,0.9386666666666666,1.090202380952381
Q8IUE6,1.0032142857142856,0.9463690476190477,1.071404761904762
Q8IV33,0.9988452380952381,0.9280595238095237,1.0772023809523812
Q8N257,1.0142142857142855,0.950107142857143,1.085809523809524
Q8N2C7,1.0029523809523808,0.9287142857142857,1.0882619047619049
Q8N3D4,1.014517857142857,0.9341785714285715,1.0829404761904764
Q8N3F8,1.0191130952380951,0.9341785714285715,1.0967619047619048
Q8NB90,1.0033750000000001,0.932702380952381,1.0744880952380953
Q8NDA2,1.0000476190476189,0.9340476190476191,1.0725833333333332
Q8NE71,1.0167678571428573,0.9446785714285715,1.0945714285714288
Q8NFA0,1.0024642857142856,0.9232380952380953,1.07375
Q8TAA3,1.0017976190476192,0.933154761904762,1.096666666666667
Q8TCU6,1.001547619047619,0.9276785714285714,1.074642857142857
Q8TDL5,0.9954166666666666,0.9354285714285714,1.0588333333333335
Q8TEW0,1.0151904761904762,0.9371428571428572,1.0843333333333334
Q8WVV4,1.0079226190476192,0.9451666666666666,1.0665357142857144
Q8WXG6,1.0063869047619047,0.9320595238095238,1.082297619047619
Q8WXH0,1.0091488095238095,0.9233095238095237,1.0880476190476192
Q8WY22,0.9887976190476191,0.9270476190476192,1.0681904761904764
Q8WYB5,1.014363095238095,0.927607142857143,1.094
Q93077,1.0032142857142856,0.9463690476190477,1.0602976190476192
Q93079,1.0142142857142855,0.9502976190476191,1.085809523809524
Q96A08,1.0100654761904764,0.9496309523809523,1.0898333333333337
Q96DA0,0.9983095238095239,0.9408333333333333,1.0567619047619048
Q96DY2,1.011029761904762,0.9467976190476192,1.088309523809524
Q96IY4,0.9927559523809524,0.9284642857142857,1.0717738095238096
Q96JG6,1.0028333333333335,0.9340238095238095,1.0786190476190478
Q96KK5,1.0048690476190476,0.9463690476190477,1.0602976190476192
Q96KN2,0.9977976190476191,0.9402142857142858,1.0631547619047619
Q96P63,1.0019404761904762,0.9398452380952381,1.079261904761905
Q96PD5,0.9957142857142858,0.9313809523809526,1.0689880952380955
Q96QV6,1.0039464285714286,0.9463690476190477,1.0620357142857144
Q96SF2,0.9967857142857144,0.9328214285714286,1.0805238095238097
Q96T49,1.005517857142857,0.9365595238095239,1.074154761904762
Q99715,1.007827380952381,0.9381190476190477,1.0867142857142857
Q99798,1.0013809523809525,0.9425,1.0809880952380952
Q99877,1.0142142857142855,0.9502976190476191,1.085809523809524
Q99878,1.0048690476190476,0.9463690476190477,1.0602976190476192
Q99879,1.01375,0.9502976190476191,1.085809523809524
Q99880,1.0142142857142855,0.9502976190476191,1.085809523809524
Q9BQE3,0.9965535714285715,0.9323809523809524,1.0715952380952383
Q9BTM1,1.0045535714285714,0.9463690476190477,1.0747857142857145
Q9BYE4,1.0158928571428572,0.9809523809523808,1.0568452380952382
Q9BYX7,0.9985654761904762,0.9429166666666666,1.0696190476190477
Q9H0P0,0.997952380952381,0.9403214285714286,1.0617500000000002
Q9H172,0.9877142857142858,0.9240595238095239,1.0840238095238095
Q9H6D8,1.0064523809523809,0.9304285714285715,1.0852738095238097
Q9H6K5,1.0155119047619048,0.9527142857142857,1.0645357142857144
Q9H939,1.010595238095238,0.9515238095238094,1.0681904761904764
Q9NR31,0.9967738095238096,0.927797619047619,1.053761904761905
Q9NU22,1.0009166666666667,0.9228690476190476,1.092761904761905
Q9NZJ9,1.005904761904762,0.9428809523809524,1.0682738095238096
Q9NZN1,0.9981666666666668,0.9276071428571429,1.0679523809523812
Q9NZP8,0.9996785714285716,0.9313333333333333,1.0624166666666668
Q9NZQ3,0.9994523809523809,0.9329404761904763,1.0717738095238094
Q9NZT1,1.0142261904761904,0.9577738095238095,1.0581071428571431
Q9P265,0.9978452380952383,0.9279047619047619,1.073357142857143
Q9P267,1.0091309523809524,0.9535833333333333,1.0827619047619048
Q9P2D6,1.003309523809524,0.9301547619047619,1.0900714285714288
Q9P2D7,0.9994345238095239,0.9295595238095238,1.0839285714285716
Q9P2K5,1.012,0.9545833333333333,1.0860714285714288
Q9UBZ9,1.0075833333333335,0.9395952380952381,1.087071428571429
Q9UGM3,0.9963095238095236,0.9390714285714284,1.0648214285714286
Q9UGM5,1.0042380952380952,0.9274642857142859,1.0740833333333333
Q9UGM6,1.0010357142857143,0.9319047619047619,1.0673928571428573
Q9UJ98,1.0019940476190476,0.9284642857142859,1.077654761904762
Q9UK55,0.9984642857142857,0.9297380952380953,1.0867142857142857
Q9UL12,0.9956904761904762,0.9405476190476191,1.0673809523809525
Q9ULI0,1.0087142857142857,0.9368333333333332,1.081404761904762
Q9UNH5,1.005654761904762,0.93325,1.0785833333333332
Q9Y281,1.0115595238095239,0.9366785714285714,1.0893452380952382
Q9Y2N7,1.004047619047619,0.9279285714285715,1.0754761904761905
Q9Y490,1.0050416666666666,0.9387857142857143,1.0830357142857143
Q9Y4G6,1.004357142857143,0.9387857142857143,1.0818809523809525
Q9Y566,1.012577380952381,0.9376190476190478,1.0747857142857145
Q9Y6B6,0.9957261904761905,0.927702380952381,1.0585714285714285
Q9Y6R7,0.9947619047619047,0.9237976190476191,1.0698928571428572
