,disMean,phiMean,psiMean
A0A075B6H7,0.18175161482650795,-94.01128759055302,102.33300464356253
A0A075B6I0,0.19473250163414899,-86.51041262267066,86.71541128979355
A0A075B6J9,0.18154597160879596,-89.2101985640445,96.21337940632287
A0A075B6K4,0.1878746727905388,-90.17996746560802,99.97092753156372
A0A075B6K5,0.19190802237935714,-89.69340767238451,91.07680229000424
A0A075B6P5,0.1854911101281535,-85.36038389205933,90.33361427088579
A0A075B6Q5,0.1700819384912439,-82.9047739384538,83.40116858962229
A0A075B6R2,0.16972573734222576,-84.57632526984581,85.78263826630054
A0A075B6R9,0.18090410677513472,-88.79051297505697,91.16198910574118
A0A075B6S2,0.17801933002751866,-88.28639609018961,95.82557240085056
A0A075B6S5,0.20442690569712468,-90.2271349328196,95.54588579112648
A0A075B6S6,0.18445440622496487,-88.41179316838583,91.12778286834558
A0A075B6S9,0.20097081853826115,-90.29771142943292,100.51990618563106
A0A087WSY4,0.17245218338127985,-87.94338827618098,87.31594017804679
A0A087WSY6,0.18452211194878898,-93.13585563327955,96.09697977097139
A0A087WSZ0,0.19895996841329086,-90.51488843738524,97.56058770163446
A0A087WW87,0.17711349874026977,-86.14921327070756,95.84412790132949
A0A0A0MRZ7,0.18761608575417388,-87.56254024505616,93.1950117389361
A0A0A0MRZ8,0.1863761454900194,-92.66843643188477,97.46214472988378
A0A0A0MS15,0.16487941912236764,-76.99551445696534,91.32463361210182
A0A0A0MT36,0.17428056975655126,-92.45043707730477,98.70706648157353
A0A0A0MT89,0.08430674206465479,-85.89120992024739,92.6182998418808
A0A0B4J1V0,0.16118479001126326,-78.4039127285741,90.27696042501626
A0A0B4J1V1,0.16312872972475895,-80.75248225020547,92.3727784116044
A0A0B4J1V2,0.16164976727206154,-89.07326222267471,91.950465254423
A0A0B4J1V6,0.16683032034701942,-79.99103353404197,88.18229185633298
A0A0B4J1X5,0.16569300863630992,-81.85078397571532,91.51988846776833
A0A0B4J1Y8,0.17628870482493345,-86.4592198627751,91.7775188606929
A0A0B4J1Y9,0.16452653002218487,-81.7165851753299,93.78617615659698
A0A0B4J2D9,0.20255893194910787,-89.78789484398996,94.66878927062847
A0A0B4J2H0,0.17119200250482777,-82.52526460957323,84.9183985422819
A0A0C4DH24,0.17976311869144984,-92.7218154438755,101.65981146327236
A0A0C4DH25,0.19261550246204118,-92.74589548439815,98.64230186363747
A0A0C4DH29,0.16666965531753042,-86.51264197194678,86.29220199253824
A0A0C4DH30,0.16633679306538304,-83.00953328711356,89.85328339689818
A0A0C4DH31,0.16670031758086326,-84.95421968769823,86.58054390014746
A0A0C4DH32,0.16244757096378595,-81.71033135642354,84.64891356178838
A0A0C4DH33,0.1673395371524779,-84.82583895300189,86.24982789795622
A0A0C4DH34,0.1681062257637514,-88.78902265760634,92.84601739227263
A0A0C4DH35,0.16351689936245514,-82.77453797495264,84.66672121969043
A0A0C4DH38,0.1675552079424152,-84.86662540272769,90.11852669766826
A0A0C4DH41,0.17051636123928263,-87.14199007971813,90.07395609960717
A0A0C4DH42,0.16655882269384195,-82.16580345712859,92.75585057817656
A0A0C4DH43,0.1626772348638745,-87.20820124009076,90.94247055254063
A0A0C4DH55,0.20712432716924517,-92.78454355832909,103.64052735782471
A0A0C4DH67,0.18963706801441732,-90.96609938248343,101.87579381258591
A0A0C4DH68,0.1797457623760162,-87.92501974105835,94.39107685089111
A0A0C4DH69,0.19938030303424795,-90.01179729363857,99.1757673465798
A0A0C4DH72,0.20205638305212317,-90.05653423733182,98.46259210965572
A0A0C4DH73,0.20134975457741294,-89.66403428917258,96.94003234969244
A0A0G2JMI3,0.1651831041165282,-84.67041873116779,87.06208632797258
A0A0J9YVY3,0.16799119208361743,-83.69967331845537,86.65533409770737
A0A0J9YX35,0.16413245311430838,-81.61226823594835,87.89520168915773
A0A0J9YXX1,0.16867829410827662,-86.28254937718057,89.6773982506532
A0A2R8Y4L2,0.29186784506664976,-74.6520823322643,65.03301614390178
A0A2R8Y619,0.26560330360049106,-73.50832204349706,19.27291260000135
A0A8I5KQE6,0.05747921361365774,-77.71534385034593,46.98148642601603
A0M8Q6,0.02947679961399217,-84.30982704882352,100.78603759239304
A2NJV5,0.18446982658648114,-88.20957762400309,94.80369304716586
A5A3E0,0.3536459851810219,-74.79041711141898,31.908275681643985
A6ND36,0.5320464536674225,-81.67669377031477,80.37673355982993
A6NE02,0.11528538097541931,-77.7681486357206,40.317303261142925
A6NHL2,0.012773713614363507,-78.74273106014782,26.091014623357978
A6NMY6,0.029217188169506688,-66.15876073471564,-3.3872529992663405
A8K2U0,0.02022971558638059,-86.5017899994673,78.04488445362819
A8MTL9,0.04128295535099938,-75.6578690233848,20.161790875650997
B2RXH8,0.6080248720917655,-75.87310297090445,65.93248599482885
B7ZW38,0.592679528645959,-72.89579896796685,65.94995770926361
B9A064,0.2685030254295984,-81.28995036187573,97.0833657122104
F6WE04,0.05002048420292047,-67.81783513849432,-12.843739744600924
H0Y8K0,0.11697716621035134,-76.84120604669162,34.07474192905374
O00294,0.5440224142298181,-86.08176183876516,95.67193769754299
O00299,0.05028531492744581,-72.70473749311138,16.973989381087765
O00391,0.3038450133897055,-75.88072639041476,41.33117832687785
O00443,0.20675778681239812,-79.69586106862603,49.11497847611263
O14556,0.18137200926694708,-82.0890856069677,61.72201325317078
O14734,0.08866234441862103,-89.61019866967276,72.88158581865993
O14791,0.18758908605789895,-69.67358154627546,-10.802187680393159
O15217,0.0210228676747106,-67.98153303335378,13.617520107879296
O43866,0.055002804547928205,-74.57321371743589,62.486396927311375
O60307,0.5493518552794922,-79.41951272440285,66.88133745664992
O60641,0.7424519438193,-77.49361596691043,71.5617247202948
O60664,0.07960882685673598,-69.2114919583369,-11.20776851468372
O60812,0.5950321686532489,-73.95420276264282,64.41913880850268
O60814,0.2942864003882047,-70.4042132544139,20.422164217820242
O75157,0.9290221809003598,-85.27031585864532,110.28800906164524
O75161,0.1753481830461827,-87.75647515568458,81.1983277824241
O75368,0.0294875612350009,-69.34780003731711,27.97823581570073
O75390,0.06466732343447017,-69.1600322564784,6.71746302123857
O75636,0.15444404675873252,-79.33988250936552,81.05258034732829
O75874,0.010704750248754127,-77.54170881953216,36.52731244244437
O76027,0.05448970052164675,-67.29791414564934,-0.29969385603199833
O95445,0.1356457371473183,-85.45575024219269,66.14734029072396
P00338,0.02040960001900116,-75.62054557685393,26.473910680366117
P00450,0.027317857320802188,-83.3975807601857,81.88237220554704
P00488,0.033915450512228364,-85.27376570695085,76.1650820344768
P00505,0.025723408244688932,-74.06561483006145,28.886294930618863
P00519,0.5122123109638356,-79.01592795743352,74.39727462058046
P00558,0.016482913781424677,-75.88249385156792,36.62059083838257
P00734,0.11654238896674017,-78.71954126909998,64.91749526131478
P00736,0.048690275004831494,-84.83805806856628,87.53948491401707
P00738,0.0830711153450864,-81.95931669526499,85.59750699571201
P00739,0.09562846006141278,-83.7110694687942,81.06192315566547
P00740,0.08808027695193489,-80.25991673583323,68.44621687429328
P00742,0.13987926144234397,-80.70646148431497,64.97132908965301
P00746,0.09256732954449205,-83.23270143350594,78.41974457650788
P00748,0.14225365265789827,-80.56196909726151,88.24416891207721
P00751,0.06032762418739844,-79.44421626135941,66.83970738818664
P01008,0.11787323205182221,-84.75110786117548,57.16723472104761
P01011,0.10733810667735948,-85.70280540524926,59.3639056872462
P01019,0.1065053412923875,-84.25419423211481,56.45385282792381
P01023,0.028619469398314824,-86.6623787333231,77.24760277315549
P01024,0.02180677837258536,-85.94749192337063,69.63729667625044
P01031,0.020242833503540125,-86.62467613225905,68.30278277934285
P01042,0.42112222348554984,-90.37794785469956,90.1939381107526
P01591,0.17463389483632652,-90.63026382638223,79.76939589497428
P01593,0.20594992866307052,-91.09016623863808,89.17875023988577
P01594,0.20594992866307052,-91.09016623863808,89.17875023988577
P01597,0.2065460682846388,-91.63057304447533,95.67259427217337
P01599,0.199290071188241,-90.06360720773029,95.05411641567181
P01601,0.19601158956381687,-90.24761555337498,95.15586749712627
P01602,0.20394446572322328,-91.14586101434169,97.20716594592628
P01611,0.20038783515051792,-89.06308169242664,99.31130923394464
P01614,0.17711349874026977,-86.14921327070756,95.84412790132949
P01615,0.1854911101281535,-85.36038389205933,90.33361427088579
P01619,0.1885199475280168,-90.84427077194741,96.14421442664903
P01624,0.1850937514875904,-93.23977200052012,103.46124084708484
P01699,0.1890574103007154,-88.89763295752371,95.97335122385596
P01700,0.1866028626043103,-91.93185007470285,98.33158841576332
P01701,0.18982669211548525,-91.59982684534839,95.86992133504305
P01703,0.18795532367796297,-87.34906714649524,94.11362459889408
P01714,0.19366321798897193,-91.70656388146537,92.7744377894061
P01717,0.1840364314205252,-89.73721780095782,102.02590221752014
P01718,0.19057346497144292,-91.79303889991962,98.93727538622586
P01721,0.17833899177067852,-88.95892154660999,92.27074667021759
P01743,0.1661544125897782,-81.63736219487639,89.64230051764056
P01762,0.167178441250206,-80.8297765275352,92.6666010424622
P01763,0.16699576105883873,-78.82026362622905,93.43282373134906
P01764,0.16673876938391477,-77.9419968026316,84.81590979934758
P01766,0.1649829221888969,-81.61672038045423,85.80110821436192
P01767,0.16557876860551443,-78.2449586391449,91.62406064826867
P01772,0.16898012899548867,-82.51136725988144,93.94397482301434
P01780,0.16603524859772764,-82.06019533597507,90.43602295207162
P01782,0.1658373567244233,-79.88748702356371,91.07127316624431
P01814,0.16309422589964154,-87.50702192803391,90.90508642917922
P01824,0.20449102960826712,-86.1791457824707,80.02846697425842
P01825,0.17104581941313474,-83.84917466393833,93.57172785339684
P01834,0.022427626240862947,-90.46066968686112,96.8497073132301
P01857,0.07470642380249132,-84.44221434557349,84.33505357990279
P01859,0.057065401890857924,-86.71634256145622,84.29957981671714
P01860,0.1243894029703043,-86.31815012901887,88.16603141822623
P01861,0.08202910096848755,-86.33972133048857,85.16853564578777
P01871,0.0719295322135867,-87.9397305375916,97.91290726154288
P01876,0.08951463956037424,-88.45589643507148,94.36349307214982
P01877,0.0892552398652422,-86.83489826054829,94.00272314963134
P01880,0.23215788082074307,-87.93137861739757,93.44219350884127
P02647,0.10741678094987869,-69.01803996053974,-30.639066796177783
P02649,0.1638751925931518,-69.39990239188498,-22.602781242376622
P02652,0.3773934023012407,-72.40159652709961,-5.604309296607971
P02655,0.3676283853497393,-70.20731376421334,-8.398134474707122
P02656,0.3631609260419741,-71.4223641674928,-13.62567407434637
P02671,0.4050709022589213,-79.34931036561521,69.46167264900222
P02675,0.19185621329978061,-74.18365210476816,40.9326480993671
P02679,0.13689040577598657,-76.08096349265665,39.095075454589626
P02741,0.09593052267032574,-89.09299916028976,96.83111191022077
P02743,0.09554268388844743,-87.44989877538296,97.79707052441724
P02745,0.09452830111835168,-87.16349876559511,78.81751649537865
P02746,0.1822740523209928,-88.31044096060893,83.64988544076799
P02747,0.17542494759007757,-89.15234346973652,98.11255518879209
P02748,0.09751266588632693,-84.11379762796255,67.21770312939645
P02749,0.07573070025518179,-81.22935678233272,106.46195934060691
P02750,0.1383349482511973,-77.20441806282021,61.23226169425919
P02753,0.11687030390636882,-87.4575332717516,82.84613688371668
P02760,0.10489670785778507,-82.8142889900641,76.44776599181138
P02763,0.1195915234414335,-86.10408001040938,74.0817619866103
P02765,0.36358072380272705,-86.98917963719173,93.41836252881656
P02766,0.19752242321073069,-81.69083147632833,92.50531038910556
P02768,0.0478664503872411,-70.1690104630193,-7.966786837697714
P02771,0.05215641883941192,-69.44603299272471,-7.269154839792667
P02774,0.05913771033006145,-70.86173281287343,-6.262521212378258
P02786,0.1493452007510279,-76.70470797576402,37.31005368997392
P02787,0.036444012501324015,-77.83117330654986,43.00467324975995
P02790,0.13665239017797368,-82.40908420137512,78.06153756463941
P02814,0.9040787778323209,-78.86888759951049,116.42511196679706
P03952,0.05599515878274051,-83.11934813735627,73.60226341656943
P04003,0.09653114135139887,-80.81249086261793,94.97804747943702
P04004,0.2478253135895117,-79.25546687853105,70.56865346027591
P04040,0.05459591481066636,-78.88975646509391,39.25273157862603
P04075,0.043502970592707566,-73.18820483867938,32.66358239342878
P04080,0.009073989710922931,-85.59032603672573,80.18020840566986
P04114,0.018022347606406152,-92.06611545650733,65.2882813838301
P04180,0.11846760184262835,-77.35291917757554,54.01290237277069
P04196,0.4083209113233434,-85.04558655897776,90.07592900057634
P04217,0.05337978685800937,-88.1140285183685,109.22335133837028
P04350,0.04027797509929396,-78.8871082107763,29.191692382885932
P04430,0.19417922287752107,-88.87201429839827,95.70893972959274
P04432,0.2065460682846388,-91.63057304447533,95.67259427217337
P04433,0.18232669308520638,-92.51800726185674,100.7126832443735
P04792,0.2090948664379317,-84.01335311517482,76.73302988598986
P04908,0.27935656867915754,-72.439465038593,34.11729358342978
P05062,0.033934423632118925,-73.92067608466515,32.763210609064
P05089,0.03134280076912199,-75.51287413531949,35.32262493135489
P05090,0.12293294509385708,-89.08211960615935,87.73599318410984
P05109,0.07455820108006388,-69.16226672100764,-8.022284557742458
P05154,0.0812046576688329,-86.42296002533635,62.47547737413586
P05155,0.2528589815086161,-87.05774852752685,70.7834881991148
P05156,0.05733917318352556,-82.58096801110034,69.37758920864421
P05160,0.04217656262970496,-82.67165283716753,107.06210979932014
P05166,0.0415867508360567,-75.67225128556005,28.5102289052808
P05204,0.8737946308321423,-83.24482421875,103.52193950282202
P05496,0.23269735320547408,-72.82711371253518,-15.504243869115324
P05543,0.07228117247121638,-83.77603231395584,58.34772921161479
P05546,0.18209676784083267,-84.4483162109742,57.14253458630047
P06310,0.18590910057382642,-88.90576759974162,97.02525412601729
P06312,0.16135057987451523,-91.20876889189412,83.03307801632842
P06331,0.1938966928001031,-86.29584912555974,76.67378218532578
P06396,0.08163489140689069,-77.29246392438327,61.44275670309963
P06576,0.08153741531691462,-74.17921147770151,37.74537277193511
P06681,0.048308178976750674,-79.27091850118434,68.58896748201941
P06702,0.18184063692573096,-69.03492743508858,15.543289495141883
P06727,0.2045845743836473,-69.62867229153412,-29.517483630565682
P06733,0.006006403034883687,-73.46198536050484,28.76728391372663
P06899,0.28989249024146246,-72.78833283318414,17.36167734057184
P07225,0.09363416057352822,-85.37123395952247,75.41565639937859
P07339,0.0641862033884286,-81.62441741610036,77.60968318415209
P07357,0.08662631166525786,-81.9247242849167,62.19392989284984
P07358,0.11108459763779768,-82.07099069475926,63.16192065428962
P07360,0.14280232747831284,-83.49738394859993,82.3793547833615
P07384,0.0382323314556932,-74.44090170753437,44.90862403941505
P07437,0.043646700959618215,-78.55183913256671,30.05398398107505
P07737,0.01710249945695714,-79.61030847855977,57.05881788049425
P07910,0.6252461027633532,-78.0521870906057,63.106757174519934
P07996,0.03323916841902754,-79.61010481414633,77.71449607139469
P08185,0.07732452757347882,-86.21099840329018,61.7934446260517
P08603,0.020597149432167047,-81.55943329599599,106.02685360919766
P08670,0.25444230842124116,-74.80747517188732,13.444874254930685
P08697,0.20171085865184513,-83.78204637826582,67.47394377235968
P09104,0.0039730964031558765,-74.89000449642059,28.087683509915106
P09211,0.01837250663332813,-68.37694809323266,12.36032649562112
P09871,0.0369323370730339,-87.70202389428782,87.42061188421754
P0C0L4,0.01881278358108295,-83.65805394441709,68.58475524098549
P0C0L5,0.018655652268515864,-83.57675988411685,68.87684787057955
P0CF74,0.02994736320317551,-84.20156403307645,97.20908070735211
P0CG04,0.030582464007787833,-84.30250193038077,102.00515900299234
P0CG38,0.34452522944199426,-74.10794286561567,31.413743881513906
P0CG47,0.009855470351620006,-69.7022829014141,72.42829397932411
P0CG48,0.004190052414756804,-70.15037759377138,71.09284716238723
P0DMR1,0.5917203600531865,-72.85212070380462,65.97890127376485
P0DMV8,0.05299524780539439,-77.55350463773456,41.44950849496049
P0DOY2,0.03055331918975972,-84.42764822042213,101.95621657146597
P0DOY3,0.033182549243528585,-84.29520193135963,102.00643419094806
P0DP01,0.16697659654277947,-85.92311340723282,86.76427344729503
P0DP02,0.16831380925261452,-82.41232759524614,93.927844224832
P0DP03,0.1700181903125613,-82.42021596533621,90.08586416896591
P0DP04,0.1626637452803815,-80.43705933780994,91.25334155711077
P0DP06,0.16934736166746717,-85.88705751451396,91.38558405353609
P0DP07,0.16953756234301243,-81.86734125169657,89.70328910522542
P0DP08,0.16851961122046905,-86.90687248034355,92.9294361037831
P0DP09,0.20255893194910787,-89.78789484398996,94.66878927062847
P0DPH8,0.037041684891907255,-77.52507133060031,28.00754940973802
P0DSN7,0.20097081853826115,-90.29771142943292,100.51990618563106
P10412,0.9657511860812635,-79.02715398187507,90.28762805244149
P10643,0.06939760395219426,-82.52370729593478,73.38413432937818
P10809,0.09015876806784165,-72.49395091204951,22.936144190673012
P11021,0.06849120298438187,-77.1758813715856,39.727520081975044
P11142,0.0548913190883746,-77.64883943386491,41.93435220249162
P11597,0.05347565314885387,-89.34266419052835,60.94284635008469
P12259,0.3693224442987036,-87.29944394925515,91.11863141250629
P12270,0.3887029391460534,-73.69925978685202,16.564643949881933
P12273,0.2258371651475238,-97.29500706228491,106.54168631034355
P13639,0.018234143670835333,-77.16265335283079,44.956389721372275
P13671,0.05972768069701714,-83.41538921030481,75.53666922765957
P13796,0.044614684051841144,-69.12817391330165,9.537968344766606
P13929,0.0064432540479428604,-72.93993180419409,28.623841457416557
P13942,0.13282582179923139,-80.42695460032483,85.72028296380057
P14136,0.17072465858368308,-71.88434524227071,1.7761985841724608
P14618,0.03183032192741382,-76.37934991150478,38.574836822608994
P14923,0.0729290488652467,-69.34283712502294,-2.960642706732822
P15104,0.02073447440101875,-80.69317525705128,52.892566618267395
P15311,0.15205637930543897,-74.93088087205594,14.479937506159418
P15814,0.23659308170250204,-79.36847273060974,92.15860986401778
P16104,0.34810019209831883,-72.70756529427908,39.28103728467351
P16401,0.9557750861992879,-76.67130536104726,78.56606129787664
P16402,0.9606581715976491,-79.13341359962705,94.58912529044561
P16403,0.9513155850166446,-76.46040741826447,91.85468932440583
P17066,0.04731490050676112,-76.89260917837105,41.56753133787755
P17174,0.009470434771862176,-74.29240931639083,24.728071837246272
P18124,0.17030247150654712,-71.11737343188256,20.748113691266024
P18428,0.05430005242890002,-91.57905468573937,68.94364917699612
P18583,0.7457534574603344,-86.15617933296902,91.89544827994712
P19652,0.12017752861147096,-86.73639851660278,73.4532826599197
P19823,0.06558069212711816,-85.86930508253187,76.10315120399754
P19827,0.07536690055708155,-84.52235664729884,74.70084996673593
P19961,0.009658952297508301,-77.23199034017127,48.17978091785637
P20339,0.20898747991578007,-76.09613631270652,57.636174549058424
P20671,0.28481364029100337,-72.45902997530423,33.659848104990445
P20848,0.11814509983494559,-85.29940727034544,54.71147294505333
P20851,0.08605537279771171,-80.56846256861611,90.16104278039364
P21439,0.06501296514822628,-70.27590356345402,8.240001257422088
P22352,0.173322238747173,-75.86588601306477,52.78926392947942
P22735,0.1497411857117781,-83.72746424692497,76.57740156115415
P22792,0.05008874988628477,-81.33537967051934,61.82611960855509
P23083,0.16862091092702436,-82.98456139849802,88.38530188951736
P23142,0.06007510409727799,-78.24129401162203,77.77910124826354
P23381,0.19294219306987728,-73.27404221936649,21.045807049216233
P23526,0.008660500402857796,-75.09222197063544,32.32294518866197
P23528,0.022949303808544198,-79.04835790611175,56.869336838643235
P25311,0.08693452067802729,-85.77239249056618,68.99092320147777
P25705,0.08310331622476576,-72.8629488375907,30.230333324144535
P26038,0.11988719463003673,-74.77598950024081,12.92231025412498
P26641,0.10420762053654369,-76.19176722445805,28.34789528508481
P27169,0.06011591314775382,-86.80842804707272,75.62928705870266
P27918,0.12237807207414182,-81.65740825067451,101.64877899420033
P29508,0.02133745976878294,-84.8001681988056,59.54970447359941
P29622,0.11074518826498005,-84.17774261188731,58.88732923647559
P29692,0.5036503968291927,-81.40288278980188,43.581590616618186
P30101,0.07999737237246919,-77.25911544195496,47.40316292197988
P30613,0.05389685680789565,-75.39578900603051,34.99868428561746
P31151,0.12662047637577684,-66.02096448086276,1.7329030689036493
P31153,0.03045808913545406,-77.57395931678482,46.74992903063569
P31947,0.06623352438376262,-64.83402553681404,-16.10575029326062
P32119,0.034655741741892454,-71.62751199741557,55.45100542782533
P33778,0.2902908525714352,-72.64632633754185,15.555396967937076
P33991,0.1905250909237713,-78.29304379894725,52.440398557614515
P35080,0.01552365700081927,-78.30742383684431,54.81842343466622
P35232,0.07122168362309697,-74.51971355606528,22.174205475541598
P35241,0.1560757721724693,-74.99416426974341,14.279220923653599
P35268,0.17748071682795796,-85.00512853264809,70.77260517142713
P35579,0.03550030092041743,-69.10783755146727,-10.022322709569517
P35858,0.07407095578936534,-79.85468891632459,64.23595692390991
P36955,0.11139320920015364,-84.98651208717857,61.384970877729536
P36980,0.07749867944540809,-81.00142926816586,106.53395106659995
P38646,0.09199645266927885,-75.87841615971831,34.45988561153763
P41250,0.3076343137956652,-79.22694480725652,43.37060805393007
P42684,0.5042599501240154,-80.11191360286851,71.98462770492242
P43652,0.05495802050574046,-70.46957713017281,-3.4036996724808555
P46459,0.050666038367682194,-74.88580452915161,33.56421121213866
P47929,0.00995376031727844,-87.75096394033993,94.06273750697865
P48201,0.3141705229770618,-72.47775980452417,-7.929662391661443
P49368,0.06713702092423636,-71.50384821410573,21.265297884244575
P49908,0.37105950571768703,-80.89625751565448,72.62306955542778
P50213,0.05945701447373776,-73.97546911500191,34.00020375860031
P50607,0.4883481309485188,-86.80745340053272,87.6873622264956
P50991,0.06077938472460953,-72.82071886080315,21.099710228602387
P51148,0.2001413389917417,-75.78149490003233,56.387204654790736
P51149,0.07772231283686573,-78.29046522131289,44.578614460817285
P51854,0.05085454269911144,-76.42362694452272,30.06557985457698
P51884,0.0783228656234567,-79.887829831366,57.96770298571364
P53634,0.059456077267927426,-80.60097632603821,56.75108185120844
P53675,0.017818442516837275,-71.00933556585777,5.170791386476741
P54315,0.04272068627655459,-80.6944503661652,58.51392398005635
P55058,0.0711754986372597,-90.16870376594652,65.95474577070975
P55327,0.38271029590188327,-71.72334743397576,18.31396953575313
P55854,0.18602730875375625,-75.50545831328456,78.50126690750272
P57053,0.2911155916209816,-70.32152860126799,20.892481892827956
P58876,0.2939057028505929,-70.40759023030598,18.87242146049227
P59923,0.31627691684295395,-77.48581475195783,43.51161502452728
P60174,0.023635717671629305,-73.18475415333208,31.398095231757587
P60660,0.03028988633452277,-66.91975371253412,8.679343618304523
P60673,0.01597758073247637,-76.87460637266618,49.88802145802192
P60709,0.02901887040454763,-77.24389391708374,33.7515219707971
P60842,0.07849980823708745,-77.06760681908706,36.80084148037426
P60900,0.02947801141569128,-79.93669125316589,36.602494134772115
P61020,0.19254227446830988,-75.0708852945372,51.12252738364907
P61604,0.0479532685803147,-79.3425183763691,85.96254907402337
P61626,0.12508731949322746,-70.5136768882339,28.40356974343996
P61956,0.15748014947283465,-74.16415573923211,78.93465350678092
P62191,0.12779608037202372,-75.51087786175988,33.632847494835204
P62195,0.0969611134221591,-71.87670299924653,12.255699587536268
P62241,0.12470891991586085,-78.1007514320887,53.10429258673237
P62318,0.32233071492678317,-82.06924505082388,62.65914550234401
P62424,0.16981945753257302,-72.61407518028317,24.60259942878458
P62753,0.09437488403642803,-76.62512162603049,45.894108337151955
P62805,0.22301657077742207,-71.01174854537815,23.697802403598157
P62807,0.29561178004125455,-70.4403756459554,20.21410824973432
P62826,0.07426241788381767,-73.73099862204657,43.634956411189506
P62851,0.3891316305013606,-79.6223176574707,61.07602278780937
P62913,0.06438718555809211,-79.89921674835549,63.9481636846459
P62937,0.00956192413385021,-72.23738458806818,61.7249788053108
P62979,0.12921103397893718,-76.76454742138202,85.15661769417616
P62987,0.023694595115394138,-73.18058341741562,70.20560693665175
P63104,0.06361598993696262,-65.14436893073879,-19.345075316331826
P63220,0.027079250372831206,-79.34548784738564,58.05178039906973
P63261,0.031998564268355914,-77.32028290176392,33.98138943783442
P68363,0.04106723857576027,-76.71234086453254,29.474754021546396
P68371,0.04159694645405279,-78.9362510900819,28.271880170016477
P68431,0.308463150840212,-72.8101889666389,25.281545710914276
P68871,0.013776037564435194,-69.69018539117307,-15.745335342121773
P78563,0.14445558373976272,-80.1283098558987,61.11447862092049
P80748,0.186836870412196,-89.13048315455771,94.93087181573112
P81605,0.8135563349181956,-73.84350367459383,-1.727605600790544
P84103,0.4133503214197179,-77.60356472759712,75.84622800822665
P84243,0.3106165944276761,-73.1192395117353,25.876811239210998
Q00325,0.07346543509969733,-67.29088402848217,-12.157260713944448
Q02413,0.12331848347107,-87.16881626190971,81.07033919393164
Q02878,0.316363351741485,-78.82616113291846,62.32770976237953
Q04756,0.17230093348114725,-81.16751019426884,87.53151855144564
Q06055,0.27790398983051995,-74.25581527601743,-8.92068178095716
Q06830,0.0374040108410643,-74.75417613623729,52.828369015425295
Q08554,0.12673286130538144,-88.91893614271876,78.28237754660107
Q12931,0.14800628073156472,-78.51268688115206,34.72443763683127
Q13148,0.33037731146395816,-79.95416182596327,64.7599779435114
Q13642,0.09325803331646249,-75.37919278189125,76.19016903140597
Q13790,0.23720622701773314,-71.18058657792449,10.366746076959775
Q13796,0.858943214411513,-80.28936101569988,78.58800169954245
Q13835,0.3237942370041156,-73.39459291072575,18.4641502433353
Q13867,0.021169049126145367,-74.97876306261335,28.644488347591935
Q14185,0.15332115902533683,-77.34443959908575,34.60951936787654
Q14240,0.08086652711923702,-76.73721433681703,35.78006146599239
Q14315,0.018293797637767235,-78.89581338899944,82.30239112282702
Q14520,0.06468828238972146,-82.29176587717873,76.03612317075687
Q14554,0.06281438806996158,-78.55149028388522,47.01352041638196
Q14562,0.3022398789612796,-77.0182379003431,38.82090695282963
Q14568,0.2101345497220905,-79.78518617257433,46.07623932890746
Q14624,0.14797786947610142,-84.96291921266945,77.72596882342972
Q14667,0.1277411618843232,-88.92013275762999,68.05902960538464
Q15195,0.24337443371374926,-86.60328773657481,65.04011265188456
Q15326,0.22642672898147062,-76.6331485909877,32.40770793297758
Q15517,0.4407594247760624,-81.20918985666084,99.41351068362115
Q15717,0.09078735029864612,-74.070968546019,55.74661252286536
Q15846,0.12894357434481027,-73.86441859871533,1.5284473959980094
Q16610,0.34682987359960527,-75.50017945678145,45.97272252463908
Q16695,0.30817866709078184,-73.17766984595971,25.572287467472695
Q16777,0.2779367349193794,-71.73770166367524,33.151417375535004
Q16778,0.2925074591503867,-70.19331038944306,16.44035748874266
Q1KMD3,0.39330244605363945,-76.72273656035682,64.73939964139318
Q1XH10,0.7940043882725325,-82.35660840183628,90.21345025307544
Q2M3G0,0.05187692183349961,-70.14204758846674,3.8100838733032383
Q3ZCM7,0.03649025716378612,-77.64969955693495,31.546595932459585
Q4VXU2,0.2635802688788015,-76.19908816496013,55.615703415064935
Q53RT3,0.3502706381528039,-78.46033769168243,61.06655792279424
Q562R1,0.023130699978557358,-77.56423111164824,32.62377931734428
Q58FF6,0.12228027875239826,-80.46055761658319,41.03761166307596
Q5D862,0.9542768012718008,-88.19205878320372,130.92394951306244
Q5QNW6,0.29351324205496593,-73.05587577819824,24.22396651998399
Q5SRH9,0.10521515159466518,-68.72737568393228,-8.297000112774711
Q5SYB0,0.603623226225882,-81.03123109029424,71.49169814109293
Q5TEH5,0.1888890751878909,-84.17802370295806,69.94759435283349
Q5VSP4,0.15677914816091074,-84.87737854027453,79.67114335902173
Q5VVH2,0.00964139172307379,-77.6302701278969,79.27793555899903
Q68CZ6,0.05969366874927295,-69.67862163689203,-17.234388557171595
Q6E0U4,0.41933983063966734,-67.76865934323864,51.970698916486334
Q6FI13,0.28875878786527137,-72.25227381632878,32.85318215260139
Q6IMN6,0.6594713288888777,-84.19011130667198,84.74345240443813
Q6P5R6,0.14896159235268286,-86.27952039437216,68.79124395964575
Q6PGN9,0.9166813064212641,-87.28470472856002,112.02868659437195
Q6PII3,0.740104256122028,-75.99459043151562,36.188127606977034
Q6S8J3,0.3629944511081898,-73.9543237144448,29.347422171976678
Q6UWL2,0.06087241774796122,-86.78393496056319,97.15162250055486
Q6UWP8,0.20400106533395,-66.97329292681258,-29.454441820160817
Q6V0I7,0.0768633343214614,-88.81374661363863,91.4782781458565
Q6ZS17,0.5116020207084104,-81.32428135096004,59.07439556978613
Q6ZW49,0.4143957966577645,-77.92317191410332,53.82531786441692
Q70JA7,0.24447367172634407,-78.00923850909382,56.487162058653475
Q71DI3,0.3087339959195507,-72.90660748762242,25.040983148357448
Q71U36,0.04073606565204543,-76.70555553309404,29.246215743262592
Q7L7L0,0.28754963224290314,-72.45281336857722,34.09079962235231
Q7Z3V4,0.044553365503506366,-72.08047703611717,5.319020495783147
Q7Z4S6,0.6273331517009417,-80.2419699211132,47.1404747546004
Q86UK0,0.06195322479552527,-73.69093013388573,12.036256866409714
Q86UX7,0.1680821644574588,-80.01642204868025,53.33372453199155
Q86V15,0.5757721599607782,-78.83814639337636,76.59529259581926
Q86V24,0.211020680349082,-71.38728253458449,7.713373613867117
Q86XI8,0.2798433900716002,-82.96870841249896,53.70469893038606
Q86YZ3,0.9475167133914625,-92.65848622506125,139.1010634639807
Q8IUE6,0.27912185096391534,-73.89376746324392,34.58204527279506
Q8IV33,0.08637630983374961,-72.05453633738499,-2.9242662151771435
Q8N257,0.2933448999509502,-69.76689311436245,15.294976409465548
Q8N2C7,0.3884643833774429,-77.22848840591145,35.546338585042726
Q8N3D4,0.7035448434055009,-83.94934543589581,87.78310933668051
Q8N3F8,0.6745848411526122,-78.00473944585542,77.52960755625094
Q8NB90,0.07918965816474807,-74.85760808071123,39.02960208034996
Q8NE71,0.37540279777811186,-74.39901225863123,41.75436399096579
Q8NFA0,0.2217476678955521,-77.9849258456147,51.660726348364356
Q8TAA3,0.02803694790445284,-81.02481245994568,37.095041219727136
Q8TCU6,0.13213756438567048,-77.7196546963283,35.154232231604816
Q8TDL5,0.08258708540458712,-89.01692994961068,65.10396133732698
Q8TEW0,0.5440481171633779,-80.42884814071093,63.25415534860177
Q8WVV4,0.08113672006865885,-78.6112928082866,30.54398830778935
Q8WXG6,0.45003952273354797,-81.54883970921881,60.9340530013972
Q8WY22,0.2279650701180451,-69.62180991001813,-6.9954051684098415
Q8WYB5,0.7682111670534958,-82.74839964248797,79.09862592979346
Q93077,0.2868546486309172,-72.35727104773888,33.87825384598512
Q93079,0.294177143571081,-70.16535226125566,18.3339062570816
Q96A08,0.2737842459272664,-72.82532534261388,4.681109513823442
Q96DA0,0.2347834576047074,-83.4735721716514,72.96802000644115
Q96DY2,0.136932990084031,-69.10671854337764,-16.496416187498777
Q96IY4,0.059822772426281576,-78.82078463416855,39.87624270812417
Q96JG6,0.1452605588805965,-71.50214832600716,-4.193641772315957
Q96KK5,0.27976475303080406,-71.86356980726123,32.27437031455338
Q96KN2,0.06204159434587496,-78.70567893135477,39.75250475320237
Q96L08,0.5675525684739969,-79.1951140085856,60.29269127845764
Q96P63,0.01840272055909406,-86.66789475900156,52.78261066859151
Q96PD5,0.16095505631563373,-76.75435575180583,41.08431583032426
Q96QV6,0.28459454035936416,-73.52703424264456,33.669191943552654
Q96SF2,0.08028526150435475,-72.29970266318193,24.818904789281703
Q96T49,0.1831362958925126,-72.0183059361351,29.451538660400917
Q99715,0.04089637502831194,-86.25871259295158,83.43594860974875
Q99798,0.0422782184244461,-75.54944301141569,45.483401195857766
Q99877,0.2953062166085609,-70.32726841881161,19.333753925822084
Q99878,0.27802368030444313,-72.05093739926815,32.68957768380642
Q99879,0.30102896116991434,-69.93113230145167,12.858605903055933
Q99880,0.2912905617931467,-70.38768538217695,17.872100069409324
Q9BQE3,0.0402052496078957,-77.36114208629243,28.305774013090772
Q9BTM1,0.27636655818925593,-72.25219838933427,33.22934010879014
Q9BYE4,0.7235098497508323,-80.77368984483692,132.5924898173711
Q9BYX7,0.03073071919534743,-77.93135100809734,33.53360069652398
Q9H0P0,0.13307436534425335,-76.6709849806059,26.33105925865294
Q9H172,0.07867116014603988,-70.67948884048698,11.686795261235844
Q9H6D8,0.36101336159528075,-80.41102528368306,76.18277691597612
Q9H6K5,0.9550510679750827,-82.7458618951942,130.0138403049284
Q9H939,0.0525582540597941,-70.0900130357571,-6.04486859808425
Q9NR31,0.019882276037018635,-73.11809301376343,36.11318999638009
Q9NZJ9,0.1881106684059786,-85.0478108300103,67.76830958657794
Q9NZN1,0.11966835792482869,-83.05158407523714,67.99219262929655
Q9NZP8,0.1035027061830204,-82.11523028614585,84.71261612950103
Q9NZQ3,0.3117056167930311,-75.98190172491312,34.326571403282834
Q9NZT1,0.029238178429121187,-64.32059956903328,6.153900670066272
Q9P265,0.17000530305190037,-77.50621655447229,47.5110027202249
Q9P267,0.648329141698519,-84.03867122064153,89.6836166353809
Q9P2D6,0.4372678838500926,-84.58723776096558,54.64896481981372
Q9P2D7,0.03417077672372808,-72.47941142162712,13.933860407547385
Q9P2K5,0.20858567145859255,-73.47721821467081,45.12488718554378
Q9UBZ9,0.4309090722348531,-77.82526416153455,45.14184154115515
Q9UGM3,0.06473814324957768,-83.61029636385625,76.54448525261148
Q9UGM5,0.35700360395483594,-89.95867955871901,86.16391367921655
Q9UGM6,0.027946799860195683,-74.13613273832533,8.489524509674974
Q9UJ98,0.24374009086040596,-72.26015774590628,13.917726960490857
Q9UK55,0.1432300962974879,-84.79960616107459,59.375262803825976
Q9UL12,0.04486175694689605,-78.65638874610785,51.37964101767975
Q9ULI0,0.4628855704023734,-76.89728258176105,43.05593573425049
Q9UNH5,0.42104709679200875,-79.66391087702227,55.2454403466498
Q9Y281,0.0188177721243868,-77.8952081289636,52.229684197759056
Q9Y2N7,0.5410404416247546,-81.27686999981,70.04880037632046
Q9Y490,0.04959207914348832,-69.10319147012403,-8.060980629249938
Q9Y4G6,0.055149255811559994,-69.56088969371714,-8.190863536292706
Q9Y566,0.6298947249449119,-79.37646233417655,82.66276576731023
Q9Y6B6,0.025963550252691227,-73.41635217329468,34.37564933443009
