,Bq8,Cq8,Eq8,Gq8,Hq8,Iq8,Sq8,Tq8
A0A075B6H7,0.0,0.4224137931034483,0.4224137931034483,0.02586206896551724,0.0,0.0,0.07758620689655173,0.05172413793103448
A0A075B6I0,0.0,0.45081967213114754,0.39344262295081966,0.02459016393442623,0.0,0.0,0.03278688524590164,0.09836065573770492
A0A075B6J9,0.0,0.423728813559322,0.3983050847457627,0.03389830508474576,0.0,0.0,0.0423728813559322,0.1016949152542373
A0A075B6K4,0.0,0.4,0.41739130434782606,0.02608695652173913,0.0,0.0,0.043478260869565216,0.11304347826086956
A0A075B6K5,0.0,0.41739130434782606,0.41739130434782606,0.02608695652173913,0.0,0.0,0.02608695652173913,0.11304347826086956
A0A075B6P5,0.0,0.39166666666666666,0.4083333333333333,0.025,0.05,0.0,0.025,0.1
A0A075B6Q5,0.0,0.3389830508474576,0.4491525423728814,0.059322033898305086,0.0,0.0,0.03389830508474576,0.11864406779661017
A0A075B6R2,0.0,0.36752136752136755,0.42735042735042733,0.05128205128205128,0.0,0.0,0.02564102564102564,0.1282051282051282
A0A075B6R9,0.0,0.36666666666666664,0.425,0.03333333333333333,0.03333333333333333,0.0,0.025,0.11666666666666667
A0A075B6S2,0.0,0.375,0.4166666666666667,0.025,0.041666666666666664,0.0,0.03333333333333333,0.10833333333333334
A0A075B6S5,0.0,0.4017094017094017,0.42735042735042733,0.02564102564102564,0.0,0.0,0.05128205128205128,0.09401709401709402
A0A075B6S6,0.0,0.375,0.425,0.03333333333333333,0.03333333333333333,0.0,0.03333333333333333,0.1
A0A075B6S9,0.0,0.41025641025641024,0.4188034188034188,0.02564102564102564,0.0,0.0,0.042735042735042736,0.10256410256410256
A0A087WSY4,0.0,0.3559322033898305,0.4406779661016949,0.05084745762711865,0.0,0.0,0.01694915254237288,0.13559322033898305
A0A087WSY6,0.0,0.4260869565217391,0.4260869565217391,0.02608695652173913,0.0,0.0,0.05217391304347826,0.06956521739130435
A0A087WSZ0,0.0,0.4017094017094017,0.42735042735042733,0.02564102564102564,0.0,0.0,0.042735042735042736,0.10256410256410256
A0A087WW87,0.0,0.3884297520661157,0.4297520661157025,0.049586776859504134,0.008264462809917356,0.0,0.03305785123966942,0.09090909090909091
A0A0A0MRZ7,0.0,0.35833333333333334,0.425,0.025,0.041666666666666664,0.0,0.041666666666666664,0.10833333333333334
A0A0A0MRZ8,0.0,0.40869565217391307,0.4260869565217391,0.02608695652173913,0.0,0.0,0.05217391304347826,0.08695652173913043
A0A0A0MS15,0.0,0.3277310924369748,0.453781512605042,0.05042016806722689,0.0,0.0,0.03361344537815126,0.13445378151260504
A0A0A0MT36,0.0,0.37719298245614036,0.43859649122807015,0.02631578947368421,0.0,0.0,0.05263157894736842,0.10526315789473684
A0A0A0MT89,0.0,0.9166666666666666,0.0,0.0,0.0,0.0,0.0,0.08333333333333333
A0A0B4J1V0,0.0,0.35294117647058826,0.4369747899159664,0.05042016806722689,0.0,0.0,0.04201680672268908,0.11764705882352941
A0A0B4J1V1,0.0,0.3418803418803419,0.4444444444444444,0.05982905982905983,0.0,0.0,0.03418803418803419,0.11965811965811966
A0A0B4J1V2,0.0,0.35294117647058826,0.44537815126050423,0.04201680672268908,0.008403361344537815,0.0,0.03361344537815126,0.11764705882352941
A0A0B4J1V6,0.0,0.3697478991596639,0.42857142857142855,0.05042016806722689,0.0,0.0,0.025210084033613446,0.12605042016806722
A0A0B4J1X5,0.0,0.3504273504273504,0.4358974358974359,0.05128205128205128,0.0,0.0,0.05128205128205128,0.1111111111111111
A0A0B4J1Y8,0.0,0.36585365853658536,0.45528455284552843,0.024390243902439025,0.0,0.0,0.04878048780487805,0.10569105691056911
A0A0B4J1Y9,0.0,0.3445378151260504,0.44537815126050423,0.05042016806722689,0.0,0.0,0.03361344537815126,0.12605042016806722
A0A0B4J2D9,0.0,0.39316239316239315,0.42735042735042733,0.05128205128205128,0.0,0.0,0.05128205128205128,0.07692307692307693
A0A0B4J2H0,0.0,0.3418803418803419,0.4358974358974359,0.06837606837606838,0.0,0.0,0.03418803418803419,0.11965811965811966
A0A0C4DH24,0.0,0.37719298245614036,0.43859649122807015,0.02631578947368421,0.0,0.0,0.05263157894736842,0.10526315789473684
A0A0C4DH25,0.0,0.4224137931034483,0.41379310344827586,0.02586206896551724,0.0,0.0,0.05172413793103448,0.08620689655172414
A0A0C4DH29,0.0,0.3247863247863248,0.452991452991453,0.05128205128205128,0.0,0.0,0.03418803418803419,0.13675213675213677
A0A0C4DH30,0.0,0.3333333333333333,0.4444444444444444,0.05128205128205128,0.0,0.0,0.042735042735042736,0.1282051282051282
A0A0C4DH31,0.0,0.3076923076923077,0.46153846153846156,0.05128205128205128,0.0,0.0,0.042735042735042736,0.13675213675213677
A0A0C4DH32,0.0,0.3418803418803419,0.4358974358974359,0.06837606837606838,0.0,0.0,0.03418803418803419,0.11965811965811966
A0A0C4DH33,0.0,0.3162393162393162,0.452991452991453,0.07692307692307693,0.0,0.0,0.03418803418803419,0.11965811965811966
A0A0C4DH34,0.0,0.3418803418803419,0.4444444444444444,0.05128205128205128,0.0,0.0,0.02564102564102564,0.13675213675213677
A0A0C4DH35,0.0,0.3333333333333333,0.4444444444444444,0.05128205128205128,0.0,0.0,0.042735042735042736,0.1282051282051282
A0A0C4DH38,0.0,0.3418803418803419,0.4358974358974359,0.05128205128205128,0.0,0.0,0.05982905982905983,0.1111111111111111
A0A0C4DH41,0.0,0.3474576271186441,0.4491525423728814,0.05084745762711865,0.0,0.0,0.01694915254237288,0.13559322033898305
A0A0C4DH42,0.0,0.3275862068965517,0.4482758620689655,0.05172413793103448,0.0,0.0,0.02586206896551724,0.14655172413793102
A0A0C4DH43,0.0,0.35294117647058826,0.42857142857142855,0.04201680672268908,0.008403361344537815,0.0,0.01680672268907563,0.15126050420168066
A0A0C4DH55,0.0,0.44537815126050423,0.40336134453781514,0.025210084033613446,0.0,0.0,0.058823529411764705,0.06722689075630252
A0A0C4DH67,0.0,0.3826086956521739,0.4434782608695652,0.02608695652173913,0.0,0.0,0.043478260869565216,0.10434782608695652
A0A0C4DH68,0.0,0.375,0.4166666666666667,0.03333333333333333,0.03333333333333333,0.0,0.025,0.11666666666666667
A0A0C4DH69,0.0,0.39316239316239315,0.4358974358974359,0.02564102564102564,0.0,0.0,0.05128205128205128,0.09401709401709402
A0A0C4DH72,0.0,0.41025641025641024,0.42735042735042733,0.02564102564102564,0.0,0.0,0.042735042735042736,0.09401709401709402
A0A0C4DH73,0.0,0.39316239316239315,0.4358974358974359,0.02564102564102564,0.0,0.0,0.042735042735042736,0.10256410256410256
A0A0G2JMI3,0.0,0.3247863247863248,0.452991452991453,0.05982905982905983,0.0,0.0,0.03418803418803419,0.1282051282051282
A0A0J9YVY3,0.0,0.3247863247863248,0.452991452991453,0.03418803418803419,0.0,0.0,0.042735042735042736,0.1452991452991453
A0A0J9YX35,0.0,0.3504273504273504,0.4358974358974359,0.05982905982905983,0.0,0.0,0.03418803418803419,0.11965811965811966
A0A0J9YXX1,0.0,0.3247863247863248,0.452991452991453,0.05128205128205128,0.0,0.0,0.042735042735042736,0.1282051282051282
A0A2R8Y4L2,0.0,0.6290909090909091,0.16727272727272727,0.0,0.11636363636363636,0.0,0.025454545454545455,0.06181818181818182
A0A2R8Y619,0.0,0.38524590163934425,0.0,0.0,0.5655737704918032,0.0,0.01639344262295082,0.03278688524590164
A0A8I5KQE6,0.0,0.4271186440677966,0.10847457627118644,0.04406779661016949,0.29491525423728815,0.0,0.03728813559322034,0.08813559322033898
A0M8Q6,0.0,0.2641509433962264,0.5,0.02830188679245283,0.09433962264150944,0.0,0.018867924528301886,0.09433962264150944
A2NJV5,0.0,0.38333333333333336,0.4083333333333333,0.025,0.041666666666666664,0.0,0.025,0.11666666666666667
A5A3E0,0.0009302325581395349,0.5506976744186046,0.06697674418604652,0.020465116279069766,0.2567441860465116,0.0065116279069767444,0.020465116279069766,0.07720930232558139
A6ND36,0.0,0.724179829890644,0.0911300121506683,0.013365735115431349,0.12029161603888214,0.0,0.00850546780072904,0.0425273390036452
A6NE02,0.0,0.3284518828451883,0.18200836820083682,0.03138075313807531,0.34309623430962344,0.0,0.029288702928870293,0.08577405857740586
A6NHL2,0.004484304932735426,0.21748878923766815,0.18385650224215247,0.026905829596412557,0.4349775784753363,0.0,0.03139013452914798,0.10089686098654709
A6NMY6,0.0058997050147492625,0.18584070796460178,0.0,0.0,0.7020648967551623,0.0,0.04129793510324484,0.06489675516224189
A8K2U0,0.005502063273727648,0.24415405777166438,0.4229711141678129,0.013067400275103164,0.1574965612104539,0.0,0.05364511691884457,0.1031636863823934
A8MTL9,0.0,0.2589928057553957,0.12949640287769784,0.02158273381294964,0.4748201438848921,0.0,0.02877697841726619,0.08633093525179857
B2RXH8,0.0,0.7747440273037542,0.08873720136518772,0.0,0.06143344709897611,0.0,0.013651877133105802,0.06143344709897611
B7ZW38,0.0,0.7815699658703071,0.08532423208191127,0.0,0.06143344709897611,0.0,0.013651877133105802,0.05802047781569966
B9A064,0.0,0.48598130841121495,0.3364485981308411,0.014018691588785047,0.04672897196261682,0.0,0.02336448598130841,0.09345794392523364
F6WE04,0.0,0.19454545454545455,0.0,0.005454545454545455,0.7036363636363636,0.0,0.00909090909090909,0.08727272727272728
H0Y8K0,0.0,0.27510917030567683,0.23580786026200873,0.019650655021834062,0.3558951965065502,0.0,0.026200873362445413,0.08733624454148471
O00294,0.0,0.6605166051660517,0.1937269372693727,0.01107011070110701,0.042435424354243544,0.0,0.025830258302583026,0.06642066420664207
O00299,0.0,0.26141078838174275,0.08713692946058091,0.012448132780082987,0.5103734439834025,0.0,0.04564315352697095,0.08298755186721991
O00391,0.0,0.48728246318607765,0.09236947791164658,0.014725568942436412,0.3092369477911647,0.006693440428380187,0.03480589022757698,0.05488621151271754
O00443,0.0005931198102016608,0.4359430604982206,0.16429418742586002,0.019572953736654804,0.28825622775800713,0.0,0.02491103202846975,0.066429418742586
O14556,0.0,0.35294117647058826,0.24509803921568626,0.024509803921568627,0.22058823529411764,0.004901960784313725,0.049019607843137254,0.10294117647058823
O14734,0.0,0.29780564263322884,0.34169278996865204,0.0219435736677116,0.21316614420062696,0.0,0.05642633228840126,0.06896551724137931
O14791,0.0,0.271356783919598,0.0,0.002512562814070352,0.6909547738693468,0.0,0.007537688442211055,0.02763819095477387
O15217,0.0045045045045045045,0.20270270270270271,0.06756756756756757,0.0045045045045045045,0.5945945945945946,0.0,0.02702702702702703,0.0990990990990991
O43866,0.0,0.3861671469740634,0.2968299711815562,0.0345821325648415,0.09221902017291066,0.0,0.09798270893371758,0.09221902017291066
O60307,0.0,0.6837280366692131,0.06875477463712758,0.014514896867838044,0.19327731092436976,0.0,0.006111535523300229,0.03361344537815126
O60641,0.0,0.8324145534729879,0.0,0.004410143329658214,0.14994487320837926,0.0,0.0033076074972436605,0.009922822491730982
O60664,0.0,0.16820276497695852,0.0,0.020737327188940093,0.7695852534562212,0.0,0.018433179723502304,0.02304147465437788
O60812,0.0,0.7918088737201365,0.08532423208191127,0.0,0.06143344709897611,0.0,0.013651877133105802,0.04778156996587031
O60814,0.0,0.40476190476190477,0.0,0.0,0.5476190476190477,0.0,0.015873015873015872,0.031746031746031744
O75157,0.0,0.9730769230769231,0.015384615384615385,0.0,0.010256410256410256,0.0,0.001282051282051282,0.0
O75161,0.0021037868162692847,0.41164095371669,0.3807854137447405,0.0070126227208976155,0.08906030855539972,0.0,0.03225806451612903,0.07713884992987377
O75368,0.0,0.2543859649122807,0.17543859649122806,0.0,0.4298245614035088,0.0,0.008771929824561403,0.13157894736842105
O75390,0.0,0.2553648068669528,0.055793991416309016,0.0,0.5815450643776824,0.0,0.017167381974248927,0.09012875536480687
O75636,0.0,0.46488294314381273,0.2709030100334448,0.013377926421404682,0.0903010033444816,0.0,0.05016722408026756,0.11036789297658862
O75874,0.0024154589371980675,0.2222222222222222,0.20772946859903382,0.007246376811594203,0.4444444444444444,0.004830917874396135,0.01932367149758454,0.09178743961352658
O76027,0.002898550724637681,0.2028985507246377,0.002898550724637681,0.0,0.6956521739130435,0.0,0.03188405797101449,0.06376811594202898
O95445,0.0,0.32978723404255317,0.3776595744680851,0.005319148936170213,0.11170212765957446,0.0,0.06914893617021277,0.10638297872340426
P00338,0.0,0.18674698795180722,0.21686746987951808,0.02710843373493976,0.45180722891566266,0.0,0.03614457831325301,0.08132530120481928
P00450,0.0018779342723004694,0.3248826291079812,0.4056338028169014,0.01971830985915493,0.09014084507042254,0.0,0.03474178403755868,0.12300469483568074
P00488,0.001366120218579235,0.26639344262295084,0.4030054644808743,0.025956284153005466,0.12704918032786885,0.0,0.060109289617486336,0.11612021857923498
P00505,0.002325581395348837,0.27209302325581397,0.14651162790697675,0.011627906976744186,0.4116279069767442,0.0,0.027906976744186046,0.12790697674418605
P00519,0.0008849557522123894,0.6424778761061947,0.10973451327433628,0.01415929203539823,0.1672566371681416,0.0,0.020353982300884955,0.04513274336283186
P00558,0.004796163069544364,0.2446043165467626,0.2014388489208633,0.02877697841726619,0.36930455635491605,0.0,0.04316546762589928,0.1079136690647482
P00734,0.001607717041800643,0.4646302250803859,0.2379421221864952,0.04019292604501608,0.11254019292604502,0.0,0.03376205787781351,0.10932475884244373
P00736,0.0,0.3148936170212766,0.43829787234042555,0.014184397163120567,0.03829787234042553,0.0,0.05673758865248227,0.1375886524822695
P00738,0.0,0.3275862068965517,0.39655172413793105,0.029556650246305417,0.04187192118226601,0.0,0.04433497536945813,0.16009852216748768
P00739,0.0,0.3390804597701149,0.3793103448275862,0.040229885057471264,0.04885057471264368,0.0,0.040229885057471264,0.15229885057471265
P00740,0.0,0.3600867678958785,0.3123644251626898,0.019522776572668113,0.1540130151843818,0.0,0.028199566160520606,0.12581344902386118
P00742,0.0,0.4098360655737705,0.27459016393442626,0.022540983606557378,0.13524590163934427,0.0,0.02663934426229508,0.13114754098360656
P00746,0.0,0.3438735177865613,0.35968379446640314,0.03162055335968379,0.06324110671936758,0.0,0.05138339920948617,0.15019762845849802
P00748,0.0032520325203252032,0.4211382113821138,0.3170731707317073,0.02113821138211382,0.04227642276422764,0.0,0.03739837398373984,0.15772357723577235
P00751,0.0,0.3416230366492147,0.2892670157068063,0.04450261780104712,0.14136125654450263,0.0,0.041884816753926704,0.14136125654450263
P01008,0.0,0.2974137931034483,0.2952586206896552,0.021551724137931036,0.25646551724137934,0.0,0.03017241379310345,0.09913793103448276
P01011,0.0,0.26004728132387706,0.3380614657210402,0.016548463356973995,0.2553191489361702,0.0,0.026004728132387706,0.10401891252955082
P01019,0.0,0.3154639175257732,0.27835051546391754,0.008247422680412371,0.2865979381443299,0.0,0.018556701030927835,0.09278350515463918
P01023,0.005427408412483039,0.24762550881953868,0.43080054274084123,0.008819538670284939,0.15943012211668928,0.0,0.046811397557666216,0.1010854816824966
P01024,0.004209260372820205,0.23331328923631992,0.39326518340348765,0.022850270595309682,0.1936259771497294,0.0006013229104028864,0.04149128081779916,0.1106434155141311
P01031,0.004176610978520286,0.22613365155131265,0.40692124105011934,0.013126491646778043,0.2022673031026253,0.0,0.045346062052505964,0.10202863961813842
P01042,0.0,0.5512422360248447,0.2577639751552795,0.015527950310559006,0.09472049689440994,0.0,0.021739130434782608,0.059006211180124224
P01591,0.0,0.3584905660377358,0.4025157232704403,0.018867924528301886,0.09433962264150944,0.0,0.012578616352201259,0.11320754716981132
P01593,0.0,0.38461538461538464,0.42735042735042733,0.05128205128205128,0.0,0.0,0.05982905982905983,0.07692307692307693
P01594,0.0,0.38461538461538464,0.42735042735042733,0.05128205128205128,0.0,0.0,0.05982905982905983,0.07692307692307693
P01597,0.0,0.4017094017094017,0.4358974358974359,0.02564102564102564,0.0,0.0,0.05128205128205128,0.08547008547008547
P01599,0.0,0.41025641025641024,0.42735042735042733,0.02564102564102564,0.0,0.0,0.042735042735042736,0.09401709401709402
P01601,0.0,0.38461538461538464,0.4358974358974359,0.02564102564102564,0.0,0.0,0.05982905982905983,0.09401709401709402
P01602,0.0,0.4017094017094017,0.4358974358974359,0.02564102564102564,0.0,0.0,0.05128205128205128,0.08547008547008547
P01611,0.0,0.39316239316239315,0.4358974358974359,0.02564102564102564,0.0,0.0,0.05128205128205128,0.09401709401709402
P01614,0.0,0.3884297520661157,0.4297520661157025,0.049586776859504134,0.008264462809917356,0.0,0.03305785123966942,0.09090909090909091
P01615,0.0,0.39166666666666666,0.4083333333333333,0.025,0.05,0.0,0.025,0.1
P01619,0.0,0.3879310344827586,0.43103448275862066,0.02586206896551724,0.0,0.0,0.06896551724137931,0.08620689655172414
P01624,0.0,0.391304347826087,0.43478260869565216,0.02608695652173913,0.0,0.0,0.06956521739130435,0.0782608695652174
P01699,0.0,0.41025641025641024,0.41025641025641024,0.05128205128205128,0.0,0.0,0.02564102564102564,0.10256410256410256
P01700,0.0,0.39316239316239315,0.41025641025641024,0.05128205128205128,0.0,0.0,0.02564102564102564,0.11965811965811966
P01701,0.0,0.4188034188034188,0.41025641025641024,0.03418803418803419,0.0,0.0,0.017094017094017096,0.11965811965811966
P01703,0.0,0.3983050847457627,0.4067796610169492,0.05084745762711865,0.0,0.0,0.01694915254237288,0.1271186440677966
P01714,0.0,0.39285714285714285,0.4375,0.026785714285714284,0.0,0.0,0.026785714285714284,0.11607142857142858
P01717,0.0,0.39285714285714285,0.42857142857142855,0.026785714285714284,0.0,0.0,0.03571428571428571,0.11607142857142858
P01718,0.0,0.3893805309734513,0.4247787610619469,0.02654867256637168,0.0,0.0,0.035398230088495575,0.12389380530973451
P01721,0.0,0.4017094017094017,0.41025641025641024,0.02564102564102564,0.0,0.0,0.03418803418803419,0.1282051282051282
P01743,0.0,0.3247863247863248,0.452991452991453,0.05128205128205128,0.0,0.0,0.05982905982905983,0.1111111111111111
P01762,0.0,0.3333333333333333,0.452991452991453,0.06837606837606838,0.0,0.0,0.03418803418803419,0.1111111111111111
P01763,0.0,0.3418803418803419,0.4444444444444444,0.05982905982905983,0.0,0.0,0.03418803418803419,0.11965811965811966
P01764,0.0,0.358974358974359,0.4358974358974359,0.06837606837606838,0.0,0.0,0.02564102564102564,0.1111111111111111
P01766,0.0,0.3620689655172414,0.43103448275862066,0.0603448275862069,0.0,0.0,0.02586206896551724,0.1206896551724138
P01767,0.0,0.33620689655172414,0.45689655172413796,0.05172413793103448,0.0,0.0,0.02586206896551724,0.12931034482758622
P01772,0.0,0.3333333333333333,0.46153846153846156,0.05128205128205128,0.0,0.0,0.02564102564102564,0.1282051282051282
P01780,0.0,0.3247863247863248,0.452991452991453,0.05128205128205128,0.0,0.0,0.03418803418803419,0.13675213675213677
P01782,0.0,0.3220338983050847,0.4406779661016949,0.06779661016949153,0.0,0.0,0.0423728813559322,0.1271186440677966
P01814,0.0,0.35294117647058826,0.4369747899159664,0.05042016806722689,0.0,0.0,0.008403361344537815,0.15126050420168066
P01824,0.0,0.392,0.408,0.048,0.0,0.0,0.024,0.128
P01825,0.0,0.3275862068965517,0.4482758620689655,0.07758620689655173,0.0,0.0,0.02586206896551724,0.1206896551724138
P01834,0.0,0.19626168224299065,0.5420560747663551,0.018691588785046728,0.102803738317757,0.0,0.04672897196261682,0.09345794392523364
P01857,0.0,0.3157894736842105,0.42355889724310775,0.02506265664160401,0.11027568922305764,0.0,0.03007518796992481,0.09523809523809523
P01859,0.0,0.29873417721518986,0.42278481012658226,0.02531645569620253,0.12658227848101267,0.0,0.03291139240506329,0.09367088607594937
P01860,0.0,0.3968609865470852,0.3811659192825112,0.020179372197309416,0.08520179372197309,0.0,0.033632286995515695,0.08295964125560538
P01861,0.0,0.3005050505050505,0.44191919191919193,0.025252525252525252,0.10101010101010101,0.0,0.03282828282828283,0.09848484848484848
P01871,0.0,0.2890295358649789,0.5084388185654009,0.05063291139240506,0.035864978902953586,0.0,0.03164556962025317,0.08438818565400844
P01876,0.0,0.3391959798994975,0.41959798994974873,0.05025125628140704,0.0728643216080402,0.0,0.04271356783919598,0.07537688442211055
P01877,0.0,0.34271099744245526,0.41687979539641945,0.05115089514066496,0.06649616368286446,0.0,0.04092071611253197,0.08184143222506395
P01880,0.0,0.4558139534883721,0.3767441860465116,0.020930232558139535,0.03953488372093023,0.0,0.030232558139534883,0.07674418604651163
P02647,0.0,0.13857677902621723,0.0,0.0,0.8576779026217228,0.0,0.0,0.003745318352059925
P02649,0.0,0.19873817034700317,0.0,0.0,0.7917981072555205,0.0,0.006309148264984227,0.0031545741324921135
P02652,0.0,0.39,0.0,0.0,0.61,0.0,0.0,0.0
P02655,0.0,0.37623762376237624,0.0,0.0,0.6237623762376238,0.0,0.0,0.0
P02656,0.0,0.3939393939393939,0.0,0.0,0.5959595959595959,0.0,0.0,0.010101010101010102
P02671,0.0,0.6466512702078522,0.1397228637413395,0.010392609699769052,0.12471131639722864,0.0,0.017321016166281754,0.061200923787528866
P02675,0.002036659877800407,0.42362525458248473,0.14867617107942974,0.008146639511201629,0.29327902240325865,0.0,0.026476578411405296,0.09775967413441955
P02679,0.002207505518763797,0.3841059602649007,0.17218543046357615,0.013245033112582781,0.282560706401766,0.0,0.05739514348785872,0.08830022075055188
P02741,0.0,0.33482142857142855,0.41964285714285715,0.013392857142857142,0.04017857142857143,0.0,0.06696428571428571,0.125
P02743,0.0,0.35874439461883406,0.4080717488789238,0.017937219730941704,0.03587443946188341,0.0,0.07623318385650224,0.1031390134529148
P02745,0.0,0.5428571428571428,0.31020408163265306,0.0,0.0,0.0,0.05714285714285714,0.08979591836734693
P02746,0.0,0.5375494071146245,0.35177865612648224,0.0,0.0,0.0,0.03162055335968379,0.07905138339920949
P02747,0.0,0.5591836734693878,0.33877551020408164,0.0,0.0,0.0,0.04897959183673469,0.053061224489795916
P02748,0.0,0.33810375670840787,0.3094812164579606,0.014311270125223614,0.22898032200357782,0.0,0.025044722719141325,0.08407871198568873
P02749,0.0,0.4,0.3826086956521739,0.008695652173913044,0.011594202898550725,0.0,0.06956521739130435,0.12753623188405797
P02750,0.0,0.484149855907781,0.15273775216138327,0.04610951008645533,0.043227665706051875,0.0,0.05763688760806916,0.21613832853025935
P02753,0.0,0.29850746268656714,0.43283582089552236,0.03482587064676617,0.08955223880597014,0.0,0.04477611940298507,0.09950248756218906
P02760,0.0,0.35795454545454547,0.3465909090909091,0.03977272727272727,0.10511363636363637,0.0,0.056818181818181816,0.09375
P02763,0.0,0.23880597014925373,0.417910447761194,0.024875621890547265,0.18407960199004975,0.0,0.01990049751243781,0.11442786069651742
P02765,0.0,0.4877384196185286,0.2888283378746594,0.0326975476839237,0.10899182561307902,0.0,0.02997275204359673,0.051771117166212535
P02766,0.006802721088435374,0.3945578231292517,0.38095238095238093,0.02040816326530612,0.047619047619047616,0.0,0.05442176870748299,0.09523809523809523
P02768,0.0,0.1839080459770115,0.0,0.026272577996715927,0.7077175697865353,0.0,0.024630541871921183,0.05747126436781609
P02771,0.0,0.1986863711001642,0.0,0.0180623973727422,0.6978653530377669,0.0,0.022988505747126436,0.06239737274220033
P02774,0.0,0.2088607594936709,0.0,0.012658227848101266,0.6983122362869199,0.0,0.02109704641350211,0.05907172995780591
P02786,0.0,0.3447368421052632,0.15789473684210525,0.011842105263157895,0.33289473684210524,0.0,0.04078947368421053,0.1118421052631579
P02787,0.0,0.2607449856733524,0.19340974212034384,0.03868194842406877,0.3166189111747851,0.0,0.0673352435530086,0.12320916905444126
P02790,0.0,0.36363636363636365,0.3658008658008658,0.04112554112554113,0.01948051948051948,0.0,0.030303030303030304,0.17965367965367965
P02814,0.0,1.0,0.0,0.0,0.0,0.0,0.0,0.0
P03952,0.001567398119122257,0.3557993730407524,0.34169278996865204,0.04075235109717868,0.08934169278996865,0.0,0.034482758620689655,0.13636363636363635
P04003,0.0,0.36348408710217756,0.38358458961474035,0.0,0.05360134003350084,0.0,0.07202680067001675,0.1273031825795645
P04004,0.0,0.5732217573221757,0.19874476987447698,0.02510460251046025,0.06485355648535565,0.0,0.02092050209205021,0.11715481171548117
P04040,0.003795066413662239,0.33586337760910817,0.16888045540796964,0.03795066413662239,0.3055028462998102,0.0,0.04554079696394687,0.10246679316888045
P04075,0.005494505494505495,0.26373626373626374,0.14560439560439561,0.013736263736263736,0.43956043956043955,0.0,0.027472527472527472,0.1043956043956044
P04080,0.0,0.2857142857142857,0.40816326530612246,0.0,0.1836734693877551,0.0,0.030612244897959183,0.09183673469387756
P04114,0.0,0.13434144203374973,0.47118124041200965,0.011396011396011397,0.2923515231207539,0.0,0.02827087442472058,0.062458908612754764
P04180,0.0,0.3386363636363636,0.19772727272727272,0.04318181818181818,0.27045454545454545,0.0,0.031818181818181815,0.11818181818181818
P04196,0.0,0.6742857142857143,0.18476190476190477,0.02095238095238095,0.06857142857142857,0.0,0.013333333333333334,0.0380952380952381
P04217,0.0,0.2909090909090909,0.5393939393939394,0.026262626262626262,0.0,0.0,0.05858585858585859,0.08484848484848485
P04350,0.0,0.22522522522522523,0.1891891891891892,0.02027027027027027,0.40765765765765766,0.0,0.04504504504504504,0.11261261261261261
P04430,0.0,0.38461538461538464,0.4358974358974359,0.02564102564102564,0.0,0.0,0.05982905982905983,0.09401709401709402
P04432,0.0,0.4017094017094017,0.4358974358974359,0.02564102564102564,0.0,0.0,0.05128205128205128,0.08547008547008547
P04433,0.0,0.391304347826087,0.4260869565217391,0.02608695652173913,0.0,0.0,0.05217391304347826,0.10434782608695652
P04792,0.0,0.551219512195122,0.23414634146341465,0.05853658536585366,0.06829268292682927,0.0,0.014634146341463415,0.07317073170731707
P04908,0.0,0.5153846153846153,0.0,0.023076923076923078,0.4,0.0,0.0,0.06153846153846154
P05062,0.005494505494505495,0.25824175824175827,0.14835164835164835,0.02197802197802198,0.4340659340659341,0.0,0.03021978021978022,0.10164835164835165
P05089,0.006211180124223602,0.2919254658385093,0.14906832298136646,0.031055900621118012,0.37888198757763975,0.0,0.024844720496894408,0.11801242236024845
P05090,0.0,0.328042328042328,0.4074074074074074,0.037037037037037035,0.06878306878306878,0.0,0.042328042328042326,0.1164021164021164
P05109,0.0,0.17204301075268819,0.053763440860215055,0.021505376344086023,0.6559139784946236,0.0,0.03225806451612903,0.06451612903225806
P05154,0.0,0.2413793103448276,0.3472906403940887,0.007389162561576354,0.2512315270935961,0.0,0.03201970443349754,0.1206896551724138
P05155,0.0,0.392,0.272,0.006,0.222,0.0,0.026,0.082
P05156,0.0017152658662092624,0.3516295025728988,0.3190394511149228,0.05660377358490566,0.08919382504288165,0.0,0.044596912521440824,0.137221269296741
P05160,0.0,0.3494704992435703,0.44478063540090773,0.0045385779122541605,0.01059001512859304,0.0,0.059001512859304085,0.13161875945537066
P05166,0.0,0.24118738404452691,0.1725417439703154,0.022263450834879406,0.424860853432282,0.0,0.05380333951762523,0.08534322820037106
P05204,0.0,1.0,0.0,0.0,0.0,0.0,0.0,0.0
P05496,0.0,0.39705882352941174,0.0,0.022058823529411766,0.5808823529411765,0.0,0.0,0.0
P05543,0.0,0.26506024096385544,0.3108433734939759,0.014457831325301205,0.26024096385542167,0.0,0.02650602409638554,0.12289156626506025
P05546,0.002004008016032064,0.3366733466933868,0.28857715430861725,0.014028056112224449,0.23046092184368738,0.0,0.03206412825651302,0.09619238476953908
P06310,0.0,0.38333333333333336,0.4583333333333333,0.025,0.0,0.0,0.03333333333333333,0.1
P06312,0.0,0.371900826446281,0.4214876033057851,0.024793388429752067,0.04132231404958678,0.0,0.04132231404958678,0.09917355371900827
P06331,0.0,0.3821138211382114,0.4146341463414634,0.04878048780487805,0.0,0.0,0.032520325203252036,0.12195121951219512
P06396,0.0,0.3273657289002558,0.2774936061381074,0.03964194373401535,0.2020460358056266,0.0,0.028132992327365727,0.12531969309462915
P06576,0.003780718336483932,0.27599243856332706,0.20226843100189035,0.03213610586011342,0.3572778827977316,0.0,0.035916824196597356,0.09262759924385633
P06681,0.0013297872340425532,0.3257978723404255,0.3098404255319149,0.031914893617021274,0.1595744680851064,0.0,0.04654255319148936,0.125
P06702,0.0,0.2719298245614035,0.043859649122807015,0.0,0.5964912280701754,0.0,0.02631578947368421,0.06140350877192982
P06727,0.0,0.2727272727272727,0.0,0.0,0.7222222222222222,0.0,0.0,0.005050505050505051
P06733,0.0,0.23732718894009217,0.1912442396313364,0.03456221198156682,0.38940092165898615,0.01152073732718894,0.03225806451612903,0.10368663594470046
P06899,0.0,0.40476190476190477,0.0,0.0,0.5476190476190477,0.0,0.015873015873015872,0.031746031746031744
P07225,0.0,0.3269230769230769,0.40532544378698226,0.013313609467455622,0.08284023668639054,0.0,0.03994082840236687,0.13165680473372782
P07339,0.0,0.27184466019417475,0.41504854368932037,0.03155339805825243,0.10436893203883495,0.0,0.05825242718446602,0.11893203883495146
P07357,0.0,0.3801369863013699,0.2928082191780822,0.018835616438356163,0.1832191780821918,0.0,0.018835616438356163,0.10616438356164383
P07358,0.0,0.4077834179357022,0.25042301184433163,0.021996615905245348,0.21489001692047377,0.0,0.025380710659898477,0.07952622673434856
P07360,0.0,0.3316831683168317,0.37623762376237624,0.06435643564356436,0.0891089108910891,0.0,0.039603960396039604,0.09900990099009901
P07384,0.0014005602240896359,0.28291316526610644,0.22408963585434175,0.028011204481792718,0.3081232492997199,0.0,0.047619047619047616,0.10784313725490197
P07437,0.0,0.22522522522522523,0.19594594594594594,0.02252252252252252,0.40315315315315314,0.0,0.038288288288288286,0.11486486486486487
P07737,0.0,0.17857142857142858,0.36428571428571427,0.04285714285714286,0.2571428571428571,0.0,0.03571428571428571,0.12142857142857143
P07910,0.0,0.803921568627451,0.08169934640522876,0.0,0.058823529411764705,0.0,0.013071895424836602,0.042483660130718956
P07996,0.0008547008547008547,0.4017094017094017,0.31196581196581197,0.010256410256410256,0.06752136752136752,0.0,0.046153846153846156,0.16153846153846155
P08185,0.0,0.23950617283950618,0.3308641975308642,0.019753086419753086,0.26666666666666666,0.0,0.037037037037037035,0.10617283950617284
P08603,0.0008123476848090983,0.3346872461413485,0.4565393988627132,0.0016246953696181965,0.008123476848090982,0.0,0.05686433793663688,0.1413484971567831
P08670,0.0,0.34763948497854075,0.008583690987124463,0.004291845493562232,0.630901287553648,0.0,0.0,0.008583690987124463
P08697,0.0,0.37067209775967414,0.2953156822810591,0.020366598778004074,0.1975560081466395,0.0,0.03665987780040733,0.07942973523421588
P09104,0.0,0.22580645161290322,0.195852534562212,0.027649769585253458,0.3986175115207373,0.01152073732718894,0.03225806451612903,0.10829493087557604
P09211,0.0,0.2,0.08571428571428572,0.01904761904761905,0.5571428571428572,0.0,0.0380952380952381,0.1
P09871,0.0014534883720930232,0.35901162790697677,0.40261627906976744,0.02180232558139535,0.027616279069767442,0.0,0.07122093023255814,0.11627906976744186
P0C0L4,0.0040137614678899085,0.22878440366972477,0.3893348623853211,0.010894495412844037,0.20642201834862386,0.0,0.04988532110091743,0.1106651376146789
P0C0L5,0.0040137614678899085,0.2276376146788991,0.393348623853211,0.010321100917431193,0.20412844036697247,0.0,0.05045871559633028,0.11009174311926606
P0CF74,0.0,0.2641509433962264,0.5,0.02830188679245283,0.09433962264150944,0.0,0.018867924528301886,0.09433962264150944
P0CG04,0.0,0.29245283018867924,0.5,0.0,0.09433962264150944,0.0,0.018867924528301886,0.09433962264150944
P0CG38,0.0009302325581395349,0.5451162790697675,0.07720930232558139,0.023255813953488372,0.2558139534883721,0.004651162790697674,0.01953488372093023,0.07348837209302325
P0CG47,0.026200873362445413,0.18777292576419213,0.3624454148471616,0.07860262008733625,0.1572052401746725,0.0,0.013100436681222707,0.17467248908296942
P0CG48,0.026277372262773723,0.1897810218978102,0.35766423357664234,0.07883211678832117,0.15766423357664233,0.0,0.013138686131386862,0.17664233576642335
P0DMR1,0.0,0.7781569965870307,0.08873720136518772,0.0,0.06143344709897611,0.0,0.013651877133105802,0.05802047781569966
P0DMV8,0.0,0.19656786271450857,0.28081123244929795,0.015600624024960999,0.38221528861154447,0.0,0.028081123244929798,0.0967238689547582
P0DOY2,0.0,0.29245283018867924,0.5,0.0,0.09433962264150944,0.0,0.018867924528301886,0.09433962264150944
P0DOY3,0.0,0.2830188679245283,0.5094339622641509,0.0,0.09433962264150944,0.0,0.018867924528301886,0.09433962264150944
P0DP01,0.0,0.3333333333333333,0.4444444444444444,0.05982905982905983,0.0,0.0,0.042735042735042736,0.11965811965811966
P0DP02,0.0,0.3333333333333333,0.452991452991453,0.05128205128205128,0.0,0.0,0.03418803418803419,0.1282051282051282
P0DP03,0.0,0.3418803418803419,0.452991452991453,0.05128205128205128,0.0,0.0,0.02564102564102564,0.1282051282051282
P0DP04,0.0,0.3220338983050847,0.4661016949152542,0.059322033898305086,0.0,0.0,0.03389830508474576,0.11864406779661017
P0DP06,0.0,0.3559322033898305,0.4406779661016949,0.05084745762711865,0.0,0.0,0.01694915254237288,0.13559322033898305
P0DP07,0.0,0.3644067796610169,0.4322033898305085,0.059322033898305086,0.0,0.0,0.01694915254237288,0.1271186440677966
P0DP08,0.0,0.3504273504273504,0.42735042735042733,0.05128205128205128,0.0,0.0,0.03418803418803419,0.13675213675213677
P0DP09,0.0,0.39316239316239315,0.42735042735042733,0.05128205128205128,0.0,0.0,0.05128205128205128,0.07692307692307693
P0DPH8,0.0,0.2688888888888889,0.17777777777777778,0.03111111111111111,0.41333333333333333,0.0,0.03333333333333333,0.07555555555555556
P0DSN7,0.0,0.41025641025641024,0.4188034188034188,0.02564102564102564,0.0,0.0,0.042735042735042736,0.10256410256410256
P10412,0.0,0.9863013698630136,0.0,0.0,0.0045662100456621,0.0,0.0,0.0091324200913242
P10643,0.002372479240806643,0.38552787663107946,0.3143534994068802,0.018979833926453145,0.1376037959667853,0.0,0.03440094899169632,0.10676156583629894
P10809,0.0,0.2547993019197208,0.14485165794066318,0.02443280977312391,0.47469458987783597,0.0,0.034904013961605584,0.06631762652705062
P11021,0.0,0.22018348623853212,0.26452599388379205,0.010703363914373088,0.382262996941896,0.0,0.027522935779816515,0.09480122324159021
P11142,0.0,0.20278637770897834,0.2724458204334365,0.015479876160990712,0.38854489164086686,0.0,0.030959752321981424,0.08978328173374613
P11597,0.0,0.17038539553752535,0.4645030425963489,0.0,0.2616632860040568,0.010141987829614604,0.028397565922920892,0.06490872210953347
P12259,0.0004496402877697842,0.5782374100719424,0.27068345323741005,0.016636690647482015,0.03507194244604316,0.0,0.027428057553956834,0.07149280575539568
P12270,0.0,0.42234447735928904,0.0,0.0,0.5751163774862463,0.0,0.0012695725772323319,0.0012695725772323319
P12273,0.0,0.3972602739726027,0.4726027397260274,0.0,0.0,0.0,0.0547945205479452,0.07534246575342465
P13639,0.0,0.18764568764568765,0.2937062937062937,0.023310023310023312,0.34615384615384615,0.0034965034965034965,0.037296037296037296,0.10839160839160839
P13671,0.0010706638115631692,0.38329764453961457,0.31798715203426126,0.018201284796573874,0.13704496788008566,0.0,0.03640256959314775,0.10599571734475374
P13796,0.0,0.29984051036682613,0.007974481658692184,0.030303030303030304,0.5422647527910686,0.0,0.025518341307814992,0.09409888357256778
P13929,0.0,0.23271889400921658,0.18433179723502305,0.03917050691244239,0.3824884792626728,0.01152073732718894,0.029953917050691243,0.11981566820276497
P13942,0.002304147465437788,0.7983870967741935,0.0967741935483871,0.0017281105990783411,0.04089861751152074,0.0,0.016129032258064516,0.04377880184331797
P14136,0.0,0.27314814814814814,0.013888888888888888,0.0,0.7083333333333334,0.0,0.0,0.004629629629629629
P14618,0.0,0.2128060263653484,0.2222222222222222,0.013182674199623353,0.3879472693032015,0.0,0.07721280602636535,0.08662900188323917
P14923,0.0,0.2483221476510067,0.0,0.009395973154362415,0.6174496644295302,0.0013422818791946308,0.026845637583892617,0.09664429530201342
P15104,0.0,0.2680965147453083,0.28150134048257375,0.0160857908847185,0.289544235924933,0.0,0.029490616621983913,0.11528150134048257
P15311,0.0034129692832764505,0.26791808873720135,0.12627986348122866,0.020477815699658702,0.4948805460750853,0.0,0.025597269624573378,0.06143344709897611
P15814,0.0,0.45539906103286387,0.37089201877934275,0.014084507042253521,0.046948356807511735,0.0,0.009389671361502348,0.10328638497652583
P16104,0.0,0.5594405594405595,0.0,0.02097902097902098,0.36363636363636365,0.0,0.0,0.055944055944055944
P16401,0.0,0.9867256637168141,0.0,0.0,0.004424778761061947,0.0,0.0,0.008849557522123894
P16402,0.0,0.9864253393665159,0.0,0.0,0.004524886877828055,0.0,0.0,0.00904977375565611
P16403,0.0,0.9859154929577465,0.0,0.0,0.004694835680751174,0.0,0.0,0.009389671361502348
P17066,0.0,0.19906687402799378,0.27993779160186627,0.013996889580093312,0.38413685847589424,0.0,0.03110419906687403,0.09175738724727839
P17174,0.0,0.21549636803874092,0.16464891041162227,0.021791767554479417,0.44794188861985473,0.0,0.026634382566585957,0.1234866828087167
P18124,0.0,0.3346774193548387,0.10080645161290322,0.024193548387096774,0.4717741935483871,0.0,0.024193548387096774,0.04435483870967742
P18428,0.0,0.17255717255717257,0.49064449064449067,0.012474012474012475,0.19542619542619544,0.02286902286902287,0.033264033264033266,0.07276507276507277
P18583,0.0,0.9315746084089035,0.02679307502061006,0.0,0.030090684253915912,0.0,0.0008244023083264633,0.010717230008244023
P19652,0.0,0.22885572139303484,0.4228855721393035,0.01990049751243781,0.18407960199004975,0.0,0.04477611940298507,0.09950248756218906
P19823,0.0010570824524312897,0.27061310782241016,0.4164904862579281,0.016913319238900635,0.14587737843551796,0.0,0.042283298097251586,0.10676532769556026
P19827,0.0,0.2645444566410538,0.4127332601536773,0.007683863885839737,0.16355653128430298,0.0,0.04720087815587267,0.10428100987925357
P19961,0.0,0.32289628180039137,0.20743639921722112,0.03913894324853229,0.2191780821917808,0.0,0.0547945205479452,0.15655577299412915
P20339,0.0,0.3813953488372093,0.21395348837209302,0.013953488372093023,0.26976744186046514,0.0,0.023255813953488372,0.09767441860465116
P20671,0.0,0.5153846153846153,0.0,0.023076923076923078,0.4,0.0,0.0,0.06153846153846154
P20848,0.0,0.2755344418052256,0.3087885985748218,0.014251781472684086,0.27790973871733965,0.0,0.026128266033254157,0.09738717339667459
P20851,0.0,0.3333333333333333,0.36507936507936506,0.0,0.12301587301587301,0.0,0.06349206349206349,0.11507936507936507
P21439,0.003110419906687403,0.20217729393468117,0.10342146189735614,0.017107309486780714,0.5808709175738724,0.0,0.024883359253499222,0.06842923794712286
P22352,0.0,0.3805309734513274,0.2168141592920354,0.030973451327433628,0.24778761061946902,0.0,0.02654867256637168,0.09734513274336283
P22735,0.0012239902080783353,0.36107711138310894,0.35862913096695226,0.01591187270501836,0.11383108935128519,0.0,0.05018359853121175,0.09914320685434516
P22792,0.0,0.43119266055045874,0.1963302752293578,0.05321100917431193,0.07155963302752294,0.0,0.060550458715596334,0.1871559633027523
P23083,0.0,0.3418803418803419,0.4444444444444444,0.05128205128205128,0.0,0.0,0.02564102564102564,0.13675213675213677
P23142,0.0,0.3541963015647226,0.32574679943101,0.008534850640113799,0.12233285917496443,0.0,0.029871977240398292,0.1593172119487909
P23381,0.0021231422505307855,0.37791932059447986,0.06581740976645435,0.016985138004246284,0.45222929936305734,0.0,0.02335456475583864,0.06157112526539278
P23526,0.0,0.2222222222222222,0.18518518518518517,0.023148148148148147,0.4166666666666667,0.0,0.04398148148148148,0.1087962962962963
P23528,0.0,0.1686746987951807,0.3433734939759036,0.018072289156626505,0.3072289156626506,0.0,0.04216867469879518,0.12048192771084337
P25311,0.0,0.23154362416107382,0.3825503355704698,0.0,0.24496644295302014,0.013422818791946308,0.03691275167785235,0.09060402684563758
P25705,0.003616636528028933,0.27848101265822783,0.1735985533453888,0.014466546112115732,0.38155515370705245,0.0,0.039783001808318265,0.10849909584086799
P26038,0.0017331022530329288,0.20103986135181975,0.12998266897746968,0.01733102253032929,0.5528596187175043,0.0,0.029462738301559793,0.06759098786828423
P26641,0.0,0.32723112128146453,0.12814645308924486,0.011441647597254004,0.4096109839816934,0.011441647597254004,0.036613272311212815,0.07551487414187644
P27169,0.0,0.27605633802816903,0.4450704225352113,0.005633802816901409,0.056338028169014086,0.0,0.07042253521126761,0.14647887323943662
P27918,0.0,0.6226012793176973,0.2537313432835821,0.01279317697228145,0.0021321961620469083,0.0,0.03624733475479744,0.07249466950959488
P29508,0.0,0.19487179487179487,0.3769230769230769,0.017948717948717947,0.258974358974359,0.0,0.041025641025641026,0.11025641025641025
P29622,0.0,0.27634660421545665,0.3185011709601874,0.02107728337236534,0.2529274004683841,0.0,0.0234192037470726,0.10772833723653395
P29692,0.0,0.6476868327402135,0.18149466192170818,0.0035587188612099642,0.11743772241992882,0.0,0.010676156583629894,0.03914590747330961
P30101,0.0,0.2871287128712871,0.2079207920792079,0.013861386138613862,0.3405940594059406,0.0,0.041584158415841586,0.10891089108910891
P30613,0.0,0.2456445993031359,0.21080139372822299,0.02264808362369338,0.3623693379790941,0.0,0.06097560975609756,0.0975609756097561
P31151,0.0,0.21782178217821782,0.04950495049504951,0.0,0.6435643564356436,0.0,0.0297029702970297,0.0594059405940594
P31153,0.0,0.26329113924050634,0.25063291139240507,0.027848101265822784,0.27848101265822783,0.015189873417721518,0.05063291139240506,0.11392405063291139
P31947,0.0,0.13709677419354838,0.0,0.0,0.782258064516129,0.020161290322580645,0.016129032258064516,0.04435483870967742
P32119,0.020202020202020204,0.31313131313131315,0.21212121212121213,0.020202020202020204,0.2474747474747475,0.0,0.03535353535353535,0.15151515151515152
P33778,0.0,0.40476190476190477,0.0,0.0,0.5476190476190477,0.0,0.015873015873015872,0.031746031746031744
P33991,0.0011587485515643105,0.36964078794901506,0.20046349942062572,0.01738122827346466,0.31170336037079954,0.0,0.028968713789107765,0.07068366164542295
P35080,0.0,0.14285714285714285,0.37857142857142856,0.02857142857142857,0.2642857142857143,0.0,0.04285714285714286,0.14285714285714285
P35232,0.0,0.1948529411764706,0.25,0.011029411764705883,0.45588235294117646,0.014705882352941176,0.011029411764705883,0.0625
P35241,0.003430531732418525,0.21612349914236706,0.1269296740994854,0.017152658662092625,0.5385934819897084,0.0,0.025728987993138937,0.07204116638078903
P35268,0.0,0.3359375,0.2890625,0.0234375,0.1953125,0.0,0.046875,0.109375
P35579,0.0005102040816326531,0.12448979591836734,0.06326530612244897,0.01020408163265306,0.7448979591836735,0.0,0.010714285714285714,0.04591836734693878
P35858,0.001652892561983471,0.4446280991735537,0.171900826446281,0.08429752066115702,0.024793388429752067,0.0,0.06611570247933884,0.2066115702479339
P36955,0.0,0.291866028708134,0.3014354066985646,0.0215311004784689,0.2535885167464115,0.0,0.04066985645933014,0.09090909090909091
P36980,0.0,0.35185185185185186,0.43333333333333335,0.0,0.025925925925925925,0.0,0.04814814814814815,0.14074074074074075
P38646,0.0,0.23269513991163476,0.25184094256259204,0.011782032400589101,0.38438880706921946,0.0,0.03240058910162003,0.08689248895434462
P41250,0.0,0.44519621109607577,0.16779431664411368,0.018944519621109608,0.2692828146143437,0.006765899864682003,0.012178619756427604,0.07983761840324763
P42684,0.0008460236886632825,0.6387478849407784,0.116751269035533,0.016074450084602367,0.1658206429780034,0.0,0.021996615905245348,0.03976311336717428
P43652,0.0,0.23205342237061768,0.0,0.021702838063439065,0.6510851419031719,0.0,0.021702838063439065,0.07345575959933222
P46459,0.0,0.28897849462365593,0.15591397849462366,0.021505376344086023,0.43413978494623656,0.0,0.013440860215053764,0.08602150537634409
P47929,0.0,0.23529411764705882,0.5441176470588235,0.022058823529411766,0.0,0.0,0.058823529411764705,0.13970588235294118
P48201,0.0,0.45774647887323944,0.0,0.02112676056338028,0.5211267605633803,0.0,0.0,0.0
P49368,0.0,0.22018348623853212,0.14311926605504588,0.01834862385321101,0.5082568807339449,0.0,0.03486238532110092,0.07522935779816514
P49908,0.0026246719160104987,0.5669291338582677,0.14960629921259844,0.01837270341207349,0.1732283464566929,0.0,0.01837270341207349,0.07086614173228346
P50213,0.0,0.2677595628415301,0.18579234972677597,0.02459016393442623,0.3743169398907104,0.0,0.02459016393442623,0.12295081967213115
P50607,0.0,0.642292490118577,0.20948616600790515,0.01383399209486166,0.04940711462450593,0.0,0.021739130434782608,0.06324110671936758
P50991,0.0,0.22634508348794063,0.13358070500927643,0.025974025974025976,0.5009276437847866,0.0,0.03710575139146568,0.07606679035250463
P51148,0.0,0.38425925925925924,0.21296296296296297,0.023148148148148147,0.25925925925925924,0.0,0.027777777777777776,0.09259259259259259
P51149,0.0,0.34782608695652173,0.21739130434782608,0.014492753623188406,0.2753623188405797,0.00966183574879227,0.01932367149758454,0.11594202898550725
P51854,0.0,0.2835570469798658,0.15771812080536912,0.0050335570469798654,0.40939597315436244,0.0,0.04194630872483222,0.10234899328859061
P51884,0.0,0.4911242603550296,0.12130177514792899,0.047337278106508875,0.07396449704142012,0.0,0.08875739644970414,0.17751479289940827
P53634,0.0,0.36069114470842334,0.2980561555075594,0.032397408207343416,0.17278617710583152,0.0,0.03023758099352052,0.10583153347732181
P53675,0.0,0.12317073170731707,0.12073170731707317,0.013414634146341463,0.6054878048780488,0.0,0.02378048780487805,0.11341463414634147
P54315,0.0,0.3083511777301927,0.2633832976445396,0.055674518201284794,0.17987152034261242,0.0,0.06638115631691649,0.12633832976445397
P55058,0.0,0.18864097363083165,0.45030425963488846,0.02028397565922921,0.21906693711967545,0.02231237322515213,0.038539553752535496,0.060851926977687626
P55327,0.0,0.5714285714285714,0.0,0.0,0.39285714285714285,0.0,0.0,0.03571428571428571
P55854,0.009708737864077669,0.4174757281553398,0.2524271844660194,0.05825242718446602,0.11650485436893204,0.0,0.019417475728155338,0.1262135922330097
P57053,0.0,0.40476190476190477,0.0,0.0,0.5476190476190477,0.0,0.015873015873015872,0.031746031746031744
P58876,0.0,0.40476190476190477,0.0,0.0,0.5476190476190477,0.0,0.015873015873015872,0.031746031746031744
P59923,0.0,0.562560620756547,0.05722599418040737,0.002909796314258002,0.2793404461687682,0.0,0.041707080504364696,0.05625606207565471
P60174,0.0,0.21686746987951808,0.1606425702811245,0.05220883534136546,0.40963855421686746,0.0,0.040160642570281124,0.12048192771084337
P60660,0.0,0.24503311258278146,0.0728476821192053,0.0,0.5562913907284768,0.0,0.033112582781456956,0.09271523178807947
P60673,0.0,0.15328467153284672,0.35036496350364965,0.029197080291970802,0.29927007299270075,0.0,0.043795620437956206,0.12408759124087591
P60709,0.0,0.2,0.224,0.048,0.38666666666666666,0.013333333333333334,0.050666666666666665,0.07733333333333334
P60842,0.0,0.2684729064039409,0.1724137931034483,0.03940886699507389,0.39408866995073893,0.0,0.04926108374384237,0.07635467980295567
P60900,0.0,0.1991869918699187,0.25609756097560976,0.012195121951219513,0.3943089430894309,0.0,0.044715447154471545,0.09349593495934959
P61020,0.0,0.3813953488372093,0.21395348837209302,0.013953488372093023,0.2744186046511628,0.0,0.023255813953488372,0.09302325581395349
P61604,0.0,0.3137254901960784,0.46078431372549017,0.08823529411764706,0.0,0.0,0.058823529411764705,0.0784313725490196
P61626,0.0,0.3310810810810811,0.08108108108108109,0.013513513513513514,0.40540540540540543,0.0,0.02027027027027027,0.14864864864864866
P61956,0.010526315789473684,0.3684210526315789,0.2736842105263158,0.06315789473684211,0.12631578947368421,0.0,0.021052631578947368,0.1368421052631579
P62191,0.0,0.30227272727272725,0.1409090909090909,0.038636363636363635,0.425,0.0,0.025,0.06818181818181818
P62195,0.0,0.2660098522167488,0.08620689655172414,0.027093596059113302,0.5172413793103449,0.0,0.029556650246305417,0.07389162561576355
P62241,0.0,0.32211538461538464,0.28846153846153844,0.0,0.30288461538461536,0.0,0.004807692307692308,0.08173076923076923
P62318,0.0,0.4365079365079365,0.31746031746031744,0.05555555555555555,0.09523809523809523,0.0,0.023809523809523808,0.07142857142857142
P62424,0.0,0.3533834586466165,0.07518796992481203,0.022556390977443608,0.48872180451127817,0.0,0.03007518796992481,0.03007518796992481
P62753,0.0,0.3172690763052209,0.2289156626506024,0.028112449799196786,0.30120481927710846,0.0,0.012048192771084338,0.11244979919678715
P62805,0.0,0.44660194174757284,0.0,0.0,0.47572815533980584,0.0,0.009708737864077669,0.06796116504854369
P62807,0.0,0.40476190476190477,0.0,0.0,0.5476190476190477,0.0,0.015873015873015872,0.031746031746031744
P62826,0.0,0.30092592592592593,0.21296296296296297,0.027777777777777776,0.30092592592592593,0.0,0.027777777777777776,0.12962962962962962
P62851,0.0,0.552,0.104,0.0,0.256,0.0,0.016,0.072
P62913,0.0,0.3146067415730337,0.29213483146067415,0.06741573033707865,0.2247191011235955,0.0,0.028089887640449437,0.07303370786516854
P62937,0.0,0.2606060606060606,0.3939393939393939,0.006060606060606061,0.12727272727272726,0.0,0.07272727272727272,0.1393939393939394
P62979,0.01282051282051282,0.33974358974358976,0.3717948717948718,0.038461538461538464,0.07692307692307693,0.0,0.01282051282051282,0.14743589743589744
P62987,0.015625,0.3359375,0.2578125,0.0546875,0.1484375,0.0,0.0078125,0.1796875
P63104,0.0,0.13877551020408163,0.0,0.012244897959183673,0.763265306122449,0.02040816326530612,0.024489795918367346,0.04081632653061224
P63220,0.0,0.24096385542168675,0.3614457831325301,0.012048192771084338,0.21686746987951808,0.0,0.012048192771084338,0.1566265060240964
P63261,0.0,0.20266666666666666,0.22133333333333333,0.050666666666666665,0.384,0.013333333333333334,0.050666666666666665,0.07733333333333334
P68363,0.0,0.270509977827051,0.17960088691796008,0.03547671840354767,0.4079822616407982,0.0,0.028824833702882482,0.07760532150776053
P68371,0.0,0.2247191011235955,0.19550561797752808,0.020224719101123594,0.4044943820224719,0.0,0.038202247191011236,0.11685393258426967
P68431,0.0,0.4485294117647059,0.0,0.007352941176470588,0.5,0.0,0.007352941176470588,0.03676470588235294
P68871,0.0,0.1360544217687075,0.0,0.047619047619047616,0.7482993197278912,0.0,0.0,0.06802721088435375
P78563,0.004048582995951417,0.45883940620782726,0.16059379217273953,0.021592442645074223,0.23751686909581646,0.0,0.03643724696356275,0.08097165991902834
P80748,0.0,0.4017094017094017,0.4188034188034188,0.02564102564102564,0.0,0.0,0.03418803418803419,0.11965811965811966
P81605,0.0,0.9727272727272728,0.0,0.0,0.02727272727272727,0.0,0.0,0.0
P84103,0.0,0.6097560975609756,0.1524390243902439,0.0,0.11585365853658537,0.0,0.042682926829268296,0.07926829268292683
P84243,0.0,0.4411764705882353,0.0,0.007352941176470588,0.5073529411764706,0.0,0.0,0.04411764705882353
Q00325,0.0,0.20994475138121546,0.0,0.0055248618784530384,0.7375690607734806,0.0,0.008287292817679558,0.03867403314917127
Q02413,0.0,0.4613918017159199,0.3174451858913251,0.009532888465204958,0.06863679694947569,0.0,0.04861773117254528,0.09437559580552908
Q02878,0.0,0.5972222222222222,0.1388888888888889,0.024305555555555556,0.15625,0.003472222222222222,0.013888888888888888,0.06597222222222222
Q04756,0.0,0.42900763358778626,0.3068702290076336,0.02900763358778626,0.05343511450381679,0.0,0.03358778625954199,0.1480916030534351
Q06055,0.0,0.45390070921985815,0.0,0.02127659574468085,0.524822695035461,0.0,0.0,0.0
Q06830,0.01507537688442211,0.32663316582914576,0.19095477386934673,0.020100502512562814,0.2663316582914573,0.0,0.03015075376884422,0.1507537688442211
Q08554,0.0,0.39932885906040266,0.35570469798657717,0.007829977628635347,0.05480984340044743,0.0,0.06040268456375839,0.12192393736017897
Q12931,0.0,0.33238636363636365,0.17045454545454544,0.028409090909090908,0.3678977272727273,0.0,0.046875,0.05397727272727273
Q13148,0.0,0.538647342995169,0.20048309178743962,0.0,0.13526570048309178,0.0,0.036231884057971016,0.0893719806763285
Q13642,0.034055727554179564,0.43034055727554177,0.22291021671826625,0.02786377708978328,0.09287925696594428,0.0,0.021671826625386997,0.17027863777089783
Q13790,0.0,0.4386503067484663,0.0,0.0,0.5153374233128835,0.0,0.006134969325153374,0.03987730061349693
Q13796,0.0,0.905940594059406,0.008044554455445545,0.0,0.07797029702970297,0.0,0.0012376237623762376,0.006806930693069307
Q13835,0.0,0.4738955823293173,0.0,0.004016064257028112,0.4404283801874163,0.008032128514056224,0.014725568942436412,0.058902275769745646
Q13867,0.0,0.22637362637362637,0.1934065934065934,0.02857142857142857,0.42417582417582417,0.008791208791208791,0.02197802197802198,0.0967032967032967
Q14185,0.0016085790884718498,0.29168900804289544,0.1447721179624665,0.021447721179624665,0.4407506702412869,0.0010723860589812334,0.028954423592493297,0.06970509383378017
Q14240,0.0,0.25552825552825553,0.16953316953316952,0.03194103194103194,0.40540540540540543,0.0,0.04914004914004914,0.08845208845208845
Q14315,0.0,0.22568807339449543,0.48,0.028990825688073395,0.049174311926605506,0.0,0.08660550458715596,0.12954128440366972
Q14520,0.0017857142857142857,0.3678571428571429,0.32857142857142857,0.025,0.07142857142857142,0.0,0.055357142857142855,0.15
Q14554,0.0,0.27167630057803466,0.23699421965317918,0.0,0.3236994219653179,0.0,0.03275529865125241,0.1348747591522158
Q14562,0.001639344262295082,0.46885245901639344,0.13442622950819672,0.022950819672131147,0.26229508196721313,0.0,0.027049180327868853,0.08278688524590164
Q14568,0.0,0.3819241982507289,0.20408163265306123,0.029154518950437316,0.27988338192419826,0.0029154518950437317,0.04081632653061224,0.061224489795918366
Q14624,0.0,0.3311827956989247,0.38064516129032255,0.007526881720430108,0.14946236559139786,0.0,0.04086021505376344,0.09032258064516129
Q14667,0.00044742729306487697,0.30201342281879195,0.4085011185682327,0.011185682326621925,0.20671140939597316,0.0,0.02371364653243848,0.04742729306487696
Q15195,0.0,0.40625,0.3333333333333333,0.03125,0.125,0.0,0.0,0.10416666666666667
Q15326,0.0033222591362126247,0.38704318936877075,0.0664451827242525,0.013289036544850499,0.43853820598006643,0.0,0.013289036544850499,0.07807308970099668
Q15517,0.0,0.720226843100189,0.1285444234404537,0.017013232514177693,0.022684310018903593,0.0,0.04158790170132325,0.06994328922495274
Q15717,0.0,0.3282208588957055,0.29141104294478526,0.009202453987730062,0.22085889570552147,0.0,0.03374233128834356,0.1165644171779141
Q15846,0.0,0.2875536480686695,0.04291845493562232,0.0,0.6351931330472103,0.0,0.01072961373390558,0.023605150214592276
Q16610,0.0,0.5814814814814815,0.007407407407407408,0.037037037037037035,0.32222222222222224,0.0,0.007407407407407408,0.044444444444444446
Q16695,0.0,0.45588235294117646,0.0,0.007352941176470588,0.49264705882352944,0.0,0.007352941176470588,0.03676470588235294
Q16777,0.0,0.5116279069767442,0.0,0.023255813953488372,0.40310077519379844,0.0,0.0,0.06201550387596899
Q16778,0.0,0.40476190476190477,0.0,0.0,0.5476190476190477,0.0,0.015873015873015872,0.031746031746031744
Q1KMD3,0.0,0.5836680053547524,0.1459170013386881,0.0214190093708166,0.1566265060240964,0.0,0.025435073627844713,0.06693440428380187
Q1XH10,0.0,0.9559471365638766,0.015418502202643172,0.0011013215859030838,0.014317180616740088,0.0,0.0011013215859030838,0.012114537444933921
Q2M3G0,0.0031821797931583136,0.1726332537788385,0.0954653937947494,0.017501988862370723,0.6221161495624503,0.0,0.018297533810660304,0.07080350039777247
Q3ZCM7,0.0022522522522522522,0.21621621621621623,0.20045045045045046,0.02027027027027027,0.40765765765765766,0.0,0.04279279279279279,0.11036036036036036
Q4VXU2,0.0,0.3925081433224756,0.19543973941368079,0.013029315960912053,0.2915309446254072,0.0,0.03257328990228013,0.0749185667752443
Q53RT3,0.0,0.5043731778425656,0.20408163265306123,0.01749271137026239,0.16909620991253643,0.0,0.02040816326530612,0.08454810495626822
Q562R1,0.0,0.19946808510638298,0.21808510638297873,0.04521276595744681,0.3882978723404255,0.013297872340425532,0.05053191489361702,0.0851063829787234
Q58FF6,0.0,0.30297029702970296,0.18415841584158416,0.04356435643564356,0.3504950495049505,0.0,0.04356435643564356,0.07524752475247524
Q5D862,0.0,0.9652864910079465,0.0012547051442910915,0.0,0.027185278126306986,0.002091175240485153,0.001672940192388122,0.002509410288582183
Q5QNW6,0.0,0.40476190476190477,0.0,0.0,0.5476190476190477,0.0,0.015873015873015872,0.031746031746031744
Q5SRH9,0.0,0.26101141924959215,0.0,0.008156606851549755,0.6476345840130505,0.0,0.009787928221859706,0.0734094616639478
Q5SYB0,0.0012674271229404308,0.6977186311787072,0.08365019011406843,0.0076045627376425855,0.1628643852978454,0.0,0.011406844106463879,0.035487959442332066
Q5TEH5,0.0,0.4485294117647059,0.3014705882352941,0.058823529411764705,0.08088235294117647,0.0,0.029411764705882353,0.08088235294117647
Q5VSP4,0.0,0.3333333333333333,0.36419753086419754,0.043209876543209874,0.1111111111111111,0.0,0.04938271604938271,0.09876543209876543
Q5VVH2,0.009259259259259259,0.24074074074074073,0.39814814814814814,0.027777777777777776,0.07407407407407407,0.0,0.046296296296296294,0.2037037037037037
Q68CZ6,0.001658374792703151,0.1857379767827529,0.0,0.014925373134328358,0.7744610281923715,0.004975124378109453,0.003316749585406302,0.014925373134328358
Q6E0U4,0.0,0.7563025210084033,0.0021008403361344537,0.0,0.20378151260504201,0.0,0.0,0.037815126050420166
Q6FI13,0.0,0.5076923076923077,0.0,0.023076923076923078,0.4,0.0,0.0,0.06923076923076923
Q6IMN6,0.0,0.8482697426796806,0.09316770186335403,0.0,0.008873114463176575,0.0,0.015084294587400177,0.03460514640638864
Q6P5R6,0.0,0.32786885245901637,0.3114754098360656,0.00819672131147541,0.20491803278688525,0.0,0.040983606557377046,0.10655737704918032
Q6PGN9,0.0,0.9917355371900827,0.0,0.0,0.008264462809917356,0.0,0.0,0.0
Q6PII3,0.0,0.8736616702355461,0.010706638115631691,0.010706638115631691,0.09635974304068523,0.0,0.0,0.008565310492505354
Q6S8J3,0.0009302325581395349,0.5544186046511628,0.06976744186046512,0.024186046511627906,0.24651162790697675,0.0065116279069767444,0.021395348837209303,0.07627906976744186
Q6UWL2,0.0013386880856760374,0.40963855421686746,0.42168674698795183,0.006693440428380187,0.013386880856760375,0.0,0.03748326639892905,0.10977242302543508
Q6UWP8,0.0,0.1576271186440678,0.0,0.0,0.8423728813559322,0.0,0.0,0.0
Q6V0I7,0.0,0.3204175868299538,0.45051194539249145,0.008231278859666733,0.019875527002609916,0.0,0.07086930335274041,0.13009435856253765
Q6ZS17,0.0,0.5862632869991823,0.07113654946852004,0.0024529844644317253,0.29844644317252655,0.0,0.008176614881439084,0.033524121013900246
Q6ZW49,0.0009354536950420954,0.587464920486436,0.07857811038353602,0.026192703461178673,0.20205799812909261,0.0,0.02806361085126286,0.07670720299345182
Q70JA7,0.0011337868480725624,0.4501133786848073,0.18140589569160998,0.015873015873015872,0.26077097505668934,0.0,0.022675736961451247,0.06802721088435375
Q71DI3,0.0,0.4485294117647059,0.0,0.007352941176470588,0.5,0.0,0.0,0.04411764705882353
Q71U36,0.0,0.2660753880266075,0.18181818181818182,0.03547671840354767,0.4079822616407982,0.0,0.031042128603104215,0.07760532150776053
Q7L7L0,0.0,0.5153846153846153,0.0,0.023076923076923078,0.4,0.0,0.0,0.06153846153846154
Q7Z3V4,0.0,0.22940074906367042,0.05711610486891386,0.026217228464419477,0.5880149812734082,0.0018726591760299626,0.023408239700374533,0.07397003745318352
Q7Z4S6,0.0,0.7425328554360813,0.15471923536439666,0.0011947431302270011,0.03464755077658303,0.0,0.02031063321385902,0.04659498207885305
Q86UK0,0.0007707129094412332,0.26204238921001927,0.09402697495183045,0.015028901734104046,0.5387283236994219,0.0007707129094412332,0.01579961464354528,0.07283236994219654
Q86UX7,0.004497751124437781,0.34782608695652173,0.2158920539730135,0.03298350824587706,0.2683658170914543,0.0,0.029985007496251874,0.10044977511244378
Q86V15,0.0005685048322910744,0.7595224559408755,0.07447413303013076,0.0034110289937464467,0.09323479249573621,0.0,0.009096077316657191,0.05969300739056282
Q86V24,0.0,0.30569948186528495,0.010362694300518135,0.018134715025906734,0.6010362694300518,0.0,0.023316062176165803,0.04145077720207254
Q86XI8,0.0,0.4609250398724083,0.16427432216905902,0.009569377990430622,0.2807017543859649,0.004784688995215311,0.019138755980861243,0.06060606060606061
Q86YZ3,0.0,0.9677192982456141,0.005614035087719298,0.0,0.023508771929824562,0.0,0.0010526315789473684,0.002105263157894737
Q8IUE6,0.0,0.5153846153846153,0.0,0.023076923076923078,0.4,0.0,0.0,0.06153846153846154
Q8IV33,0.0,0.2784313725490196,0.0,0.009411764705882352,0.6470588235294118,0.00392156862745098,0.012549019607843137,0.04862745098039216
Q8N257,0.0,0.40476190476190477,0.0,0.0,0.5476190476190477,0.0,0.015873015873015872,0.031746031746031744
Q8N2C7,0.0006138735420503376,0.5457335788827502,0.014732965009208104,0.01289134438305709,0.3888888888888889,0.0,0.007673419275629221,0.029465930018416207
Q8N3D4,0.0,0.7642810242941562,0.061720288903479976,0.006565988181221274,0.1372291529875246,0.0,0.010505581089954037,0.01969796454366382
Q8N3F8,0.0011587485515643105,0.7485515643105446,0.0220162224797219,0.009269988412514484,0.18076477404403243,0.0,0.006952491309385863,0.031286210892236384
Q8NB90,0.0,0.3113101903695409,0.1769316909294513,0.023516237402015677,0.3896976483762598,0.0,0.019036954087346025,0.07950727883538634
Q8NE71,0.002366863905325444,0.4804733727810651,0.13846153846153847,0.015384615384615385,0.28402366863905326,0.0,0.023668639053254437,0.05562130177514793
Q8NFA0,0.003117206982543641,0.4513715710723192,0.16708229426433915,0.017456359102244388,0.26246882793017456,0.0,0.02805486284289277,0.07044887780548628
Q8TAA3,0.0,0.20703125,0.2734375,0.0,0.40625,0.0,0.03515625,0.078125
Q8TCU6,0.0,0.3291139240506329,0.16937914406268836,0.017480409885473176,0.3948161543098252,0.0,0.018083182640144666,0.07112718505123568
Q8TDL5,0.0,0.2396694214876033,0.4214876033057851,0.008264462809917356,0.2066115702479339,0.030991735537190084,0.03512396694214876,0.05785123966942149
Q8TEW0,0.0,0.7676991150442478,0.10103244837758112,0.00663716814159292,0.07448377581120944,0.0,0.01032448377581121,0.03982300884955752
Q8WVV4,0.0,0.3361629881154499,0.15449915110356535,0.006791171477079796,0.45161290322580644,0.0,0.0050933786078098476,0.04584040747028863
Q8WXG6,0.0,0.5865209471766849,0.12507589556769885,0.021250758955676987,0.2082574377656345,0.0,0.013964784456587736,0.044930176077717064
Q8WY22,0.0,0.3147410358565737,0.0,0.0199203187250996,0.6454183266932271,0.0,0.00796812749003984,0.01195219123505976
Q8WYB5,0.000964785335262904,0.8528702363724071,0.042450554751567775,0.008683068017366137,0.06753497346840329,0.0,0.006271104679208876,0.021225277375783887
Q93077,0.0,0.5153846153846153,0.0,0.023076923076923078,0.4,0.0,0.0,0.06153846153846154
Q93079,0.0,0.40476190476190477,0.0,0.0,0.5476190476190477,0.0,0.015873015873015872,0.031746031746031744
Q96A08,0.0,0.4094488188976378,0.0,0.0,0.5433070866141733,0.0,0.015748031496062992,0.031496062992125984
Q96DA0,0.0,0.42788461538461536,0.35096153846153844,0.0,0.07692307692307693,0.0,0.052884615384615384,0.09134615384615384
Q96DY2,0.0,0.18485523385300667,0.0,0.0,0.8040089086859689,0.0,0.0066815144766146995,0.004454342984409799
Q96IY4,0.0,0.31678486997635935,0.17494089834515367,0.03546099290780142,0.32860520094562645,0.0,0.0425531914893617,0.1016548463356974
Q96JG6,0.0,0.29771784232365145,0.004149377593360996,0.00933609958506224,0.6410788381742739,0.0,0.008298755186721992,0.03941908713692946
Q96KK5,0.0,0.5078125,0.0,0.0234375,0.40625,0.0,0.0,0.0625
Q96KN2,0.0039447731755424065,0.27218934911242604,0.22090729783037474,0.011834319526627219,0.35502958579881655,0.0,0.03155818540433925,0.10453648915187377
Q96L08,0.0,0.7372549019607844,0.12156862745098039,0.0,0.09019607843137255,0.0,0.0196078431372549,0.03137254901960784
Q96P63,0.0,0.19506172839506172,0.345679012345679,0.019753086419753086,0.2839506172839506,0.0,0.037037037037037035,0.11851851851851852
Q96PD5,0.001736111111111111,0.4322916666666667,0.0920138888888889,0.019097222222222224,0.3350694444444444,0.001736111111111111,0.046875,0.07118055555555555
Q96QV6,0.0,0.5114503816793893,0.0,0.022900763358778626,0.3969465648854962,0.0,0.0,0.06870229007633588
Q96SF2,0.0,0.27289048473967686,0.1310592459605027,0.03231597845601436,0.4452423698384201,0.0,0.04488330341113106,0.07360861759425494
Q96T49,0.0,0.47619047619047616,0.06525573192239859,0.007054673721340388,0.3262786596119929,0.0,0.019400352733686066,0.10582010582010581
Q99715,0.0,0.3476983349657199,0.39960822722820766,0.008161932745674175,0.11165523996082272,0.0,0.058765915768854066,0.07411034933072151
Q99798,0.001282051282051282,0.28974358974358977,0.2076923076923077,0.035897435897435895,0.2935897435897436,0.0,0.03461538461538462,0.1371794871794872
Q99877,0.0,0.40476190476190477,0.0,0.0,0.5476190476190477,0.0,0.015873015873015872,0.031746031746031744
Q99878,0.0,0.5078125,0.0,0.0234375,0.40625,0.0,0.0,0.0625
Q99879,0.0,0.4126984126984127,0.0,0.0,0.5396825396825397,0.0,0.015873015873015872,0.031746031746031744
Q99880,0.0,0.40476190476190477,0.0,0.0,0.5476190476190477,0.0,0.015873015873015872,0.031746031746031744
Q9BQE3,0.0,0.26280623608017817,0.18485523385300667,0.035634743875278395,0.40979955456570155,0.0,0.031180400890868598,0.0757238307349666
Q9BTM1,0.0,0.5116279069767442,0.0,0.023255813953488372,0.40310077519379844,0.0,0.0,0.06201550387596899
Q9BYE4,0.0,1.0,0.0,0.0,0.0,0.0,0.0,0.0
Q9BYX7,0.0,0.21066666666666667,0.21866666666666668,0.04533333333333334,0.38133333333333336,0.013333333333333334,0.050666666666666665,0.08
Q9H0P0,0.005952380952380952,0.28273809523809523,0.16964285714285715,0.011904761904761904,0.38095238095238093,0.0,0.041666666666666664,0.10714285714285714
Q9H172,0.0030959752321981426,0.25077399380804954,0.10061919504643962,0.02476780185758514,0.5247678018575851,0.0,0.02631578947368421,0.0696594427244582
Q9H6D8,0.0,0.5384615384615384,0.24786324786324787,0.0,0.1111111111111111,0.0,0.03418803418803419,0.06837606837606838
Q9H6K5,0.0,0.9843982169390788,0.006686478454680535,0.0,0.008172362555720654,0.0,0.0,0.0007429420505200594
Q9H939,0.0,0.25149700598802394,0.0,0.0,0.7215568862275449,0.0,0.0029940119760479044,0.023952095808383235
Q9NR31,0.0,0.2676767676767677,0.19696969696969696,0.030303030303030304,0.3787878787878788,0.0,0.025252525252525252,0.10101010101010101
Q9NZJ9,0.0,0.3388888888888889,0.34444444444444444,0.0,0.2,0.0,0.011111111111111112,0.10555555555555556
Q9NZN1,0.0,0.367816091954023,0.32471264367816094,0.022988505747126436,0.16954022988505746,0.004310344827586207,0.02442528735632184,0.08620689655172414
Q9NZP8,0.0,0.36960985626283366,0.3593429158110883,0.030800821355236138,0.04722792607802875,0.0,0.045174537987679675,0.14784394250513347
Q9NZQ3,0.0,0.4376731301939058,0.04016620498614958,0.02077562326869806,0.4404432132963989,0.0,0.012465373961218837,0.04847645429362881
Q9NZT1,0.0,0.14383561643835616,0.0684931506849315,0.0,0.6164383561643836,0.0,0.08904109589041095,0.0821917808219178
Q9P265,0.0038071065989847717,0.3965736040609137,0.21256345177664976,0.018401015228426396,0.23921319796954316,0.0,0.02918781725888325,0.10025380710659898
Q9P267,0.0,0.8741633199464525,0.03480589022757698,0.00535475234270415,0.06091030789825971,0.0,0.004016064257028112,0.020749665327978582
Q9P2D6,0.0,0.6231023102310231,0.12277227722772277,0.013861386138613862,0.19075907590759075,0.0,0.011221122112211221,0.03828382838283828
Q9P2D7,0.0009378663540445487,0.21031652989449004,0.09706916764361079,0.028839390386869872,0.5547479484173505,0.0011723329425556857,0.029073856975381007,0.07784290738569753
Q9P2K5,0.0,0.545,0.15333333333333332,0.006666666666666667,0.2,0.0,0.025,0.07
Q9UBZ9,0.002398081534772182,0.592326139088729,0.07753796962430055,0.016786570743405275,0.2422062350119904,0.0,0.023980815347721823,0.04476418864908074
Q9UGM3,0.0,0.4152507252382926,0.3588893493576461,0.020721094073767096,0.05843348528802321,0.0,0.06672192291753004,0.079983423124741
Q9UGM5,0.0,0.5078534031413613,0.2774869109947644,0.028795811518324606,0.10732984293193717,0.0,0.02356020942408377,0.0549738219895288
Q9UGM6,0.005555555555555556,0.2222222222222222,0.07777777777777778,0.03333333333333333,0.5527777777777778,0.0,0.016666666666666666,0.09166666666666666
Q9UJ98,0.0,0.36,0.0016326530612244899,0.018775510204081632,0.556734693877551,0.004897959183673469,0.015510204081632653,0.04244897959183674
Q9UK55,0.0,0.28378378378378377,0.3153153153153153,0.018018018018018018,0.25675675675675674,0.0,0.03153153153153153,0.0945945945945946
Q9UL12,0.002178649237472767,0.2875816993464052,0.2657952069716776,0.0392156862745098,0.2494553376906318,0.0,0.044662309368191724,0.1111111111111111
Q9ULI0,0.0006858710562414266,0.6015089163237312,0.03909465020576132,0.021262002743484224,0.2784636488340192,0.0013717421124828531,0.01646090534979424,0.0411522633744856
Q9UNH5,0.0,0.5824915824915825,0.07912457912457913,0.006734006734006734,0.24242424242424243,0.0,0.025252525252525252,0.06397306397306397
Q9Y281,0.0,0.18674698795180722,0.3313253012048193,0.018072289156626505,0.30120481927710846,0.0,0.04819277108433735,0.1144578313253012
Q9Y2N7,0.004484304932735426,0.6591928251121076,0.13153961136023917,0.026905829596412557,0.12406576980568013,0.0,0.016442451420029897,0.03736920777279522
Q9Y490,0.0011806375442739079,0.15623770169224716,0.04329004329004329,0.009445100354191263,0.7142857142857143,0.0,0.017316017316017316,0.05824478551751279
Q9Y4G6,0.0011801730920535012,0.16011014948859165,0.042486231313926044,0.00983477576711251,0.7120377655389457,0.0,0.015342250196695516,0.059008654602675056
Q9Y566,0.0,0.7889865802869042,0.04211013419713096,0.007403979639055993,0.1064322073114299,0.0,0.006478482184173994,0.048588616381304954
Q9Y6B6,0.0,0.24242424242424243,0.20202020202020202,0.03535353535353535,0.3838383838383838,0.0,0.020202020202020204,0.11616161616161616
