id,seq,n,rsa,asa,q3,p[q3_H],p[q3_E],p[q3_C],q8,p[q8_G],p[q8_H],p[q8_I],p[q8_B],p[q8_E],p[q8_S],p[q8_T],p[q8_C],phi,psi,disorder
P35080,M,1,0.8289502859115601,165.87295221090315,C,0.00043321101111359894,5.882055120309815e-05,0.9995080232620239,C,5.0134000048274174e-05,0.00018264268874190748,7.587581762891205e-08,9.381210838910192e-05,1.7120139091275632e-05,0.0004894526209682226,0.0006487038917839527,0.998518168926239,-85.13838958740234,142.07156372070312,0.728300154209137
P35080,A,2,0.7110754251480103,78.36051185131073,C,0.025125382468104362,0.0071465871296823025,0.9677280187606812,C,0.003080972470343113,0.022247491404414177,3.592306165955961e-05,0.0031084700021892786,0.0038699558936059475,0.03642694279551506,0.0183577761054039,0.9128724932670593,-84.777587890625,141.04592895507812,0.21605275571346283
P35080,G,3,0.44015270471572876,34.64001786112785,C,0.15332011878490448,0.005217316094785929,0.8414626121520996,C,0.007148304488509893,0.1804606318473816,0.0002122882433468476,0.004969613626599312,0.0019961919169873,0.13276082277297974,0.02723834291100502,0.645213782787323,-95.75875854492188,-169.48622131347656,0.034973371773958206
P35080,W,4,0.1689264476299286,40.626810654997826,H,0.9366785883903503,0.0006721214158460498,0.06264925003051758,H,0.01173605490475893,0.940976619720459,0.00028652179753407836,0.00016292452346533537,0.0003420970751903951,0.004742391873151064,0.014160456135869026,0.027592966333031654,-62.438011169433594,-38.31925964355469,0.008266338147222996
P35080,Q,5,0.48312029242515564,86.28528422713279,H,0.9804785847663879,0.0002891564799938351,0.019232235848903656,H,0.005712519865483046,0.9755208492279053,0.00028796863625757396,4.524771065916866e-05,0.00020636733097489923,0.0012987928930670023,0.005826414562761784,0.011101978830993176,-60.75065231323242,-40.70072937011719,0.008087622001767159
P35080,S,6,0.44049161672592163,51.62561748027802,H,0.9890766143798828,0.000176342306076549,0.010747055523097515,H,0.008349476382136345,0.9828817844390869,0.0005024448619224131,4.462804281502031e-05,9.480772860115394e-05,0.0007360745221376419,0.0035008045379072428,0.0038900573272258043,-64.89000701904297,-39.10204315185547,0.002432807581499219
P35080,Y,7,0.19817623496055603,42.35026141107082,H,0.9926398992538452,0.00018981655011884868,0.0071702864952385426,H,0.005393538158386946,0.9874966144561768,0.001028363243676722,4.3939911847701296e-05,0.00010984783875755966,0.000547841947991401,0.002440928015857935,0.0029388817492872477,-65.19501495361328,-43.36146926879883,0.0025073338765650988
P35080,V,8,0.03662016987800598,5.628520110249519,H,0.9928187727928162,0.00025341176660731435,0.006927766837179661,H,0.001639732625335455,0.989318311214447,0.003974494989961386,5.82905049668625e-05,0.00010865327203646302,0.0005793446325697005,0.001549620763398707,0.002771638799458742,-62.75126266479492,-43.525596618652344,0.0013709161430597305
P35080,D,9,0.496381938457489,71.52863733172417,H,0.9909138679504395,0.00012917716230731457,0.008956941775977612,H,0.0029896232299506664,0.9833374619483948,0.0064474050886929035,2.9502962206606753e-05,5.4147112678037956e-05,0.00046912176185287535,0.0045377700589597225,0.0021349620074033737,-62.579612731933594,-40.56924057006836,0.0013334969989955425
P35080,N,10,0.5344573855400085,78.24456124305725,H,0.9711666107177734,0.00027851585764437914,0.02855483815073967,H,0.004033437464386225,0.9497748613357544,0.025388456881046295,0.00014749198453500867,0.0001140862877946347,0.0015300348168238997,0.013983683660626411,0.005027872044593096,-70.35054779052734,-36.56227111816406,0.0021745741833001375
P35080,L,11,0.05805659294128418,10.630162167549132,H,0.9802817106246948,0.0003506177163217217,0.019367706030607224,H,0.006225280463695526,0.9556273818016052,0.020124131813645363,0.00013996065536048263,0.00015856987738516182,0.0025223013944923878,0.008870943449437618,0.006331530399620533,-66.51891326904297,-41.69465637207031,0.0015425714664161205
P35080,M,12,0.17354720830917358,34.72679638266563,H,0.9331067204475403,0.004238924942910671,0.06265436857938766,H,0.007792677730321884,0.9163355827331543,0.019187727943062782,0.0018383163260295987,0.0012475866824388504,0.005743872839957476,0.034854866564273834,0.012999377213418484,-69.08643341064453,-35.90005874633789,0.0016416148282587528
P35080,C,13,0.579988956451416,81.43044948577881,H,0.8300921320915222,0.001801116275601089,0.168106809258461,H,0.01786135509610176,0.8266160488128662,0.007254980970174074,0.0009406483150087297,0.0005092103965580463,0.0114069739356637,0.12134256213903427,0.01406819373369217,-69.31156921386719,-29.35334587097168,0.003403574461117387
P35080,D,14,0.5923216342926025,85.35354750156402,C,0.42607381939888,0.0027686695102602243,0.5711574554443359,H,0.014676672406494617,0.4776269495487213,0.012636978179216385,0.00150608504191041,0.0005624426412396133,0.04885058477520943,0.4178925156593323,0.026247745379805565,-92.23246002197266,-1.0507839918136597,0.0021438419353216887
P35080,G,15,0.47528234124183655,37.404720255732535,C,0.005978114902973175,0.0005073235370218754,0.9935145378112793,T,0.0025094167795032263,0.003231534967198968,0.001297103357501328,0.0003724056005012244,0.00027072729426436126,0.1708693504333496,0.73026043176651,0.09118904173374176,77.862548828125,13.636598587036133,0.001713664853014052
P35080,C,16,0.2508816719055176,35.22378673553467,C,0.004134663380682468,0.013889809139072895,0.9819754958152771,C,0.0044907620176672935,0.0016775773838162422,0.00010437918535899371,0.004427206236869097,0.01706947200000286,0.33445918560028076,0.20576512813568115,0.43200623989105225,-90.07441711425781,-12.648758888244629,0.002366804052144289
P35080,C,17,0.038693636655807495,5.432586586475373,E,0.00082437350647524,0.5154863595962524,0.4836892783641815,E,0.0003379780100658536,0.00028472355916164815,5.694516858056886e-06,0.021398408338427544,0.5152701735496521,0.03210431709885597,0.0045399134978652,0.4260587990283966,-103.54297637939453,134.11663818359375,0.001946454169228673
P35080,Q,18,0.4998931884765625,89.28092346191406,C,0.0008496213122271001,0.44062525033950806,0.5585250854492188,E,0.00021155666036065668,0.00012490875087678432,2.0583859168255003e-06,0.0008118768455460668,0.4571254551410675,0.2966997027397156,0.0034851019736379385,0.24153931438922882,-99.0466537475586,-31.940874099731445,0.0007038390031084418
P35080,E,19,0.34355980157852173,60.019897335767745,E,0.0004410611290950328,0.9480172991752625,0.051541611552238464,E,0.00013863541244063526,5.0750419177347794e-05,6.465321007453895e-07,0.0010996797354891896,0.9358409643173218,0.033004388213157654,0.0008432590402662754,0.029021622613072395,-147.37982177734375,148.98211669921875,0.0008797600166872144
P35080,A,20,0.023927241563796997,2.636782020330429,E,5.8679041103459895e-05,0.9918369650840759,0.008104425854980946,E,1.3573358046414796e-05,1.3435862456390169e-05,1.9099033465863613e-07,0.00022950262064114213,0.9922459721565247,0.0006138201570138335,8.22194415377453e-05,0.006801235023885965,-153.02610778808594,151.8653564453125,0.0001907340483739972
P35080,A,21,0.019220858812332153,2.1181386411190033,E,0.00012649477866943926,0.9965516328811646,0.0033217845484614372,E,1.8848779291147366e-05,4.703428203356452e-05,5.872448696209176e-07,0.00015880657883826643,0.9971755743026733,0.0003190654097124934,6.509284139610827e-05,0.002214903710409999,-138.1751708984375,150.55245971679688,0.0002173733664676547
P35080,I,22,0.025611400604248047,4.738109111785889,E,6.478273280663416e-05,0.9981561303138733,0.0017791619757190347,E,7.530651600973215e-06,2.2030415493645705e-05,3.035767406345258e-07,0.00012412281648721546,0.9985294342041016,9.999310714192688e-05,4.160370008321479e-05,0.0011750520206987858,-106.60169982910156,125.10559844970703,3.405078314244747e-05
P35080,V,23,0.03521206974983215,5.412095120549202,E,5.68505929550156e-05,0.9926339983940125,0.007309172302484512,E,9.487795068707783e-06,1.7360493075102568e-05,5.881795459572459e-07,0.0003416193067096174,0.9938428401947021,0.0006138284225016832,0.00023583478468935937,0.004938402213156223,-115.55677795410156,135.43692016601562,5.037425580667332e-05
P35080,G,24,0.05253785848617554,4.134729462862015,E,0.0004470785497687757,0.9283183813095093,0.07123449444770813,E,0.00012387210153974593,7.588089647470042e-05,1.5867993852225482e-06,0.001350787584669888,0.9260991811752319,0.008623100817203522,0.0009111097897402942,0.06281458586454391,-128.31982421875,164.33763122558594,0.0008512255735695362
P35080,Y,25,0.24727612733840942,52.842908412218094,E,0.00745887728407979,0.7092772126197815,0.2832639515399933,E,0.0068011293187737465,0.0019186347490176558,4.914726741844788e-05,0.02368270419538021,0.7138382792472839,0.057824455201625824,0.04999938979744911,0.14588619768619537,-97.17167663574219,129.0131378173828,0.002001827582716942
P35080,C,26,0.3869764506816864,54.33149367570877,C,0.035056911408901215,0.27751487493515015,0.6874281764030457,T,0.04860859736800194,0.004268476273864508,9.279623191105202e-05,0.00973427388817072,0.21363866329193115,0.16185109317302704,0.4487453103065491,0.11306073516607285,-86.31584930419922,-3.4687492847442627,0.006900474429130554
P35080,D,27,0.7577930688858032,109.19798122644424,C,0.03458394855260849,0.05171684920787811,0.9136991500854492,T,0.028273679316043854,0.0023246074561029673,0.00010875528096221387,0.0029305987991392612,0.03110208734869957,0.19500645995140076,0.6750915050506592,0.06516237556934357,-45.11817932128906,17.07455062866211,0.008427831344306469
P35080,A,28,0.5805460810661316,63.9761781334877,C,0.07616643607616425,0.016208626329898834,0.9076249003410339,T,0.05478537455201149,0.00791739672422409,0.0002656938449945301,0.003182971617206931,0.009831273928284645,0.22465847432613373,0.627636730670929,0.07172205299139023,-55.911502838134766,-4.814365863800049,0.008030509576201439
P35080,K,29,0.609420120716095,125.35771883130073,C,0.016777586191892624,0.19456525146961212,0.7886571884155273,S,0.016530010849237442,0.0024565765634179115,6.769273750251159e-05,0.006573943886905909,0.18628887832164764,0.33546727895736694,0.2838370203971863,0.16877859830856323,-91.19966888427734,10.718826293945312,0.00583287188783288
P35080,Y,30,0.3748522996902466,80.10593644380569,E,0.005272476002573967,0.7626509666442871,0.23207654058933258,E,0.004647274501621723,0.0007437070598825812,9.895437870000023e-06,0.007711063604801893,0.7691344618797302,0.054522234946489334,0.01443503051996231,0.14879633486270905,-119.4546127319336,144.53297424316406,0.0026962710544466972
P35080,V,31,0.1102135181427002,16.93981773853302,E,0.0008031297475099564,0.9449636936187744,0.054233115166425705,E,0.0004847718810196966,0.00019026377412956208,1.8620510218170239e-06,0.00256524165160954,0.9557945132255554,0.0050200955010950565,0.0027457436081022024,0.033197399228811264,-105.76655578613281,133.02401733398438,0.0003189304261468351
P35080,W,32,0.17785018682479858,42.77296993136406,E,0.000562859233468771,0.9894148111343384,0.010022401809692383,E,0.00014653698599431664,0.00021193816792219877,4.881241238763323e-06,0.001675168052315712,0.9896032214164734,0.0018574694404378533,0.0006598999025300145,0.005840975791215897,-117.56612396240234,149.13143920898438,0.0003936877765227109
P35080,A,33,0.021348685026168823,2.3526250898838046,E,0.0002517085522413254,0.9938291907310486,0.0059191021136939526,E,0.00010904629743890837,6.424204184440896e-05,5.597345307251089e-07,0.0006243912503123283,0.9943134784698486,0.0007422781200148165,0.00023821626382414252,0.003907821606844664,-138.64691162109375,148.1614227294922,0.00014711846597492695
P35080,A,34,0.1321554183959961,14.56352710723877,E,0.0006419515120796859,0.9617219567298889,0.037636153399944305,E,0.0002734706795308739,0.00022381394228432328,4.514947704592487e-06,0.0054363347589969635,0.9576892256736755,0.00514041306450963,0.0013498467160388827,0.029882462695240974,-125.75485229492188,144.3560028076172,0.00037448524381034076
P35080,T,35,0.10194841027259827,14.14024450480938,E,0.002062981016933918,0.5883416533470154,0.40959542989730835,E,0.0007523110834881663,0.0006811440107412636,1.3797559404338244e-05,0.026052037253975868,0.5689836740493774,0.06219569221138954,0.004709964618086815,0.33661147952079773,-115.3193588256836,159.59225463867188,0.0006730316672474146
P35080,A,36,0.5786141157150269,63.763275551795964,C,0.02325574681162834,0.08998122811317444,0.8867630362510681,T,0.019628720358014107,0.005436721723526716,2.0366658645798452e-05,0.006253109313547611,0.05368804186582565,0.184477299451828,0.646398663520813,0.08409710973501205,-64.42241668701172,113.47252655029297,0.0028450367972254753
P35080,G,37,0.6184503436088562,48.67204204201698,C,0.07830575108528137,0.03169233351945877,0.8900018930435181,T,0.060524359345436096,0.015612788498401642,0.0004316524718888104,0.0061478628776967525,0.01836267299950123,0.20260442793369293,0.6041339039802551,0.09218224138021469,83.01022338867188,1.2108725309371948,0.00601174496114254
P35080,G,38,0.4333385229110718,34.10374175310135,C,0.16410675644874573,0.09257327765226364,0.7433199286460876,S,0.12514905631542206,0.029745083302259445,0.001095108687877655,0.012711429968476295,0.05922342464327812,0.3412787914276123,0.2543956935405731,0.17640137672424316,91.26765441894531,-6.096268177032471,0.012992429547011852
P35080,V,39,0.44341516494750977,68.15291085243224,C,0.10056604444980621,0.11419053375720978,0.7852434515953064,C,0.08640968054533005,0.03199854865670204,0.0002511042112018913,0.04158810153603554,0.0818442851305008,0.10912156850099564,0.08560506254434586,0.5631815791130066,-90.73226165771484,100.62596130371094,0.015121690928936005
P35080,F,40,0.19569355249404907,39.27569598555564,H,0.47219884395599365,0.07775062322616577,0.4500505328178406,G,0.4693062901496887,0.07450296729803085,0.0003327942977193743,0.02712988294661045,0.04644758999347687,0.06522272527217865,0.10905483365058899,0.20800291001796722,-77.89366149902344,4.489614486694336,0.01129914354532957
P35080,Q,41,0.7171294689178467,128.0793231487274,C,0.30559784173965454,0.033109474927186966,0.6612927317619324,G,0.29523539543151855,0.04303450509905815,0.00029437238117679954,0.003080202965065837,0.02445356734097004,0.17124350368976593,0.2789604663848877,0.18369799852371216,-75.18397521972656,-19.440153121948242,0.018184315413236618
P35080,S,42,0.6255415678024292,73.3134717464447,C,0.3277854323387146,0.03376181796193123,0.6384526491165161,G,0.4191352427005768,0.03659136965870857,0.00011851359158754349,0.0061102923937141895,0.020293232053518295,0.1389172375202179,0.1903647780418396,0.1884692907333374,-102.53947448730469,26.079851150512695,0.007097318768501282
P35080,I,43,0.08850786089897156,16.373954266309738,C,0.0020070732571184635,0.018597789108753204,0.9793950915336609,C,0.0006706949207000434,0.0008116732933558524,3.945045591535745e-06,0.011949818581342697,0.00920729711651802,0.1633509248495102,0.002210453152656555,0.8117952346801758,-85.74573516845703,135.50120544433594,0.002897229976952076
P35080,T,44,0.474459707736969,65.8075614631176,C,0.0006224432145245373,0.00040731692570261657,0.9989702701568604,C,2.842263347702101e-05,0.00018782603729050606,2.807872192533978e-07,0.00015259653446264565,0.0001455775200156495,0.006587425246834755,0.0003005020262207836,0.9925973415374756,-90.50110626220703,160.26124572753906,0.0008047662558965385
P35080,P,45,0.5528447031974792,78.4486633837223,H,0.9644948244094849,0.0005043037817813456,0.03500087186694145,H,0.014281504787504673,0.959954023361206,0.0002027889568125829,6.747063162038103e-05,0.00027200314798392355,0.003393044462427497,0.014865576289594173,0.006963714957237244,-58.31867599487305,-37.61541748046875,0.0007779158768244088
P35080,I,46,0.5800200700759888,107.30371296405792,H,0.9790413975715637,0.0009166161180473864,0.020041991025209427,H,0.015229138545691967,0.9673539400100708,0.0005293006543070078,0.00016869325190782547,0.0005111360806040466,0.0014907224103808403,0.009277528151869774,0.005439565051347017,-67.48938751220703,-36.64177322387695,0.0012062926543876529
P35080,E,47,0.2137044072151184,37.334159940481186,H,0.9901159405708313,0.00047671273932792246,0.009407257661223412,H,0.01261085830628872,0.9774990081787109,0.00033695678575895727,9.311059693573043e-05,0.0002902180713135749,0.0007443880895152688,0.00337091158144176,0.005054629407823086,-68.26211547851562,-39.78837966918945,0.0006961217732168734
P35080,I,48,0.1053130030632019,19.482905566692352,H,0.9927759170532227,0.00022739388805348426,0.006996684242039919,H,0.0041411458514630795,0.9875801801681519,0.0025279794353991747,4.617240483639762e-05,0.00010027323151007295,0.00039353585452772677,0.0025230443570762873,0.002687612781301141,-63.418922424316406,-41.8459587097168,0.000536196690518409
P35080,D,49,0.5978406071662903,86.14883149266242,H,0.9913158416748047,0.00012987821537535638,0.008554323576390743,H,0.003590439213439822,0.982435941696167,0.006577430292963982,3.773595017264597e-05,5.795238394057378e-05,0.000455924280686304,0.004855101462453604,0.0019893671851605177,-63.041725158691406,-40.341514587402344,0.0007818684680387378
P35080,M,50,0.4021468162536621,80.46957793235778,H,0.981715202331543,0.0003224748361390084,0.017962418496608734,H,0.004098817706108093,0.9671111702919006,0.015076212584972382,8.057506056502461e-05,0.00012486567720770836,0.0009538092417642474,0.009682628326117992,0.0028719857800751925,-65.2854995727539,-40.49518966674805,0.0007212691707536578
P35080,I,51,0.08485496044158936,15.69816768169403,H,0.9568294286727905,0.0006058748112991452,0.04256468266248703,H,0.005790183786302805,0.9272961020469666,0.028422856703400612,0.00019264162983745337,0.00021226421813480556,0.003681591246277094,0.027096590027213097,0.007307815831154585,-67.90396881103516,-39.964332580566406,0.0015544351190328598
P35080,V,52,0.2436860203742981,37.45454133152961,H,0.7425343990325928,0.0032500624656677246,0.2542155385017395,H,0.013370934873819351,0.7239397168159485,0.03130549564957619,0.004018126055598259,0.0007088501588441432,0.02378404140472412,0.17027869820594788,0.03259412199258804,-75.44307708740234,-23.392799377441406,0.003966949414461851
P35080,G,53,0.6486401557922363,51.047980260849,C,0.3949006497859955,0.0017037708312273026,0.6033955812454224,H,0.024123284965753555,0.4108770191669464,0.013328418135643005,0.0015373013447970152,0.0005374499596655369,0.08269244432449341,0.3879925012588501,0.07891165465116501,-70.92415618896484,-11.46640682220459,0.005121260415762663
P35080,K,54,0.6487079858779907,133.43923269510267,C,0.25411301851272583,0.0015714889159426093,0.7443154454231262,S,0.0259682796895504,0.24094925820827484,0.0073460121639072895,0.002114539034664631,0.0006103808991611004,0.29163458943367004,0.2607077360153198,0.17066915333271027,-82.9345932006836,-13.883841514587402,0.00790947675704956
P35080,D,55,0.5293551087379456,76.28007116913795,C,0.025069382041692734,0.01579505205154419,0.9591355323791504,C,0.0063720038160681725,0.010459482669830322,0.0002920688420999795,0.010017311200499535,0.005652865394949913,0.07268798351287842,0.028063010424375534,0.8664553165435791,-106.4887466430664,97.68507385253906,0.019124062731862068
P35080,R,56,0.5001804828643799,114.541330575943,H,0.49962180852890015,0.005597836337983608,0.49478036165237427,T,0.2381986379623413,0.2550619840621948,0.0008909728494472802,0.0019449484534561634,0.0033910057973116636,0.0457884706556797,0.2717706561088562,0.18295328319072723,-66.90216064453125,-24.584001541137695,0.019070852547883987
P35080,E,57,0.8077828288078308,141.11966019272802,H,0.6093472242355347,0.002483921591192484,0.3881688714027405,T,0.3211880624294281,0.22081556916236877,0.0006091954419389367,0.0009398371912539005,0.0012285764096304774,0.035331033170223236,0.36608052253723145,0.05380711704492569,-70.04145812988281,-18.571691513061523,0.0115202022716403
P35080,G,58,0.3291679322719574,25.905516269803048,H,0.6242402791976929,0.006319037638604641,0.36944064497947693,G,0.32746750116348267,0.2744828164577484,0.002080642618238926,0.0020458903163671494,0.0035606396850198507,0.06575783342123032,0.24514569342136383,0.0794590562582016,-74.77204895019531,-17.297199249267578,0.011605005711317062
P35080,F,59,0.132534921169281,26.599758678674696,C,0.4231790602207184,0.11205809563398361,0.4647628962993622,C,0.1168433204293251,0.2693280875682831,0.0051751588471233845,0.05982547253370285,0.0782153457403183,0.11106397956609726,0.07182135432958603,0.2877271771430969,-82.53190612792969,92.35609436035156,0.011380380019545555
P35080,F,60,0.37384098768234253,75.02988622784615,C,0.41307908296585083,0.09330970793962479,0.49361130595207214,C,0.1312786489725113,0.24566997587680817,0.005853267852216959,0.054947588592767715,0.06625300645828247,0.05273053050041199,0.12272816151380539,0.3205387592315674,-82.28926849365234,53.32309341430664,0.009660398587584496
P35080,T,61,0.5206764340400696,72.21782140135764,C,0.3836219310760498,0.03207291662693024,0.5843051671981812,T,0.1531425565481186,0.18255575001239777,0.002954419469460845,0.006764113437384367,0.021052327007055283,0.1379215121269226,0.4005790054798126,0.0950303003191948,-80.74274444580078,-19.775165557861328,0.0034358517732471228
P35080,N,62,0.4778580069541931,69.95841221809387,C,0.4079272747039795,0.02712450921535492,0.5649482011795044,T,0.15292473137378693,0.16119784116744995,0.002415831433609128,0.009134741500020027,0.015907693654298782,0.20908446609973907,0.366205632686615,0.08312904089689255,-110.65314483642578,3.9162380695343018,0.00363697181455791
P35080,G,63,0.08318829536437988,6.546918845176697,C,0.004498941358178854,0.2516077160835266,0.7438933849334717,C,0.0027478961274027824,0.0008625978953205049,0.0002925406151916832,0.013310778886079788,0.2532280683517456,0.20477700233459473,0.04454320669174194,0.4802378714084625,134.17918395996094,-169.60556030273438,0.0004070945724379271
P35080,L,64,0.03389677405357361,6.206499329209327,E,0.00016307918122038245,0.9719570875167847,0.027879847213625908,E,5.194464756641537e-05,4.772094325744547e-05,2.3332809178100433e-06,0.004475786816328764,0.9726479649543762,0.0021128845401108265,0.0005964148440398276,0.02006499283015728,-117.68940734863281,139.3179473876953,5.031683758716099e-05
P35080,T,65,0.33832573890686035,46.92577998638153,E,4.1789826354943216e-05,0.996769905090332,0.0031883146148175,E,1.3091946129861753e-05,1.0037492756964639e-05,3.2466658694829675e-07,0.0014368848642334342,0.9959463477134705,0.0001564700505696237,8.163355232682079e-05,0.002355237491428852,-116.45806121826172,134.29176330566406,6.0419857618398964e-05
P35080,L,66,0.08451318740844727,15.474364614486694,E,0.00021166258375160396,0.9879187941551208,0.011869585141539574,E,7.767567149130628e-05,3.7002515455242246e-05,1.5032079545562738e-06,0.0028799346182495356,0.9852443933486938,0.0006870184442959726,0.00039838533848524094,0.010674132965505123,-127.11263275146484,118.21664428710938,0.0004333971592132002
P35080,G,67,0.4844801127910614,38.12858487665653,C,0.004513685591518879,0.000911638664547354,0.9945747256278992,T,0.0013900629710406065,0.00018303137039765716,2.5270521746278973e-06,8.527455065632239e-05,0.0001194081996800378,0.010262671858072281,0.983684778213501,0.004272232763469219,53.56220245361328,-24.850431442260742,0.0008078441605903208
P35080,A,68,0.8086657524108887,89.11496591567993,C,0.003281573299318552,0.0009498662548139691,0.9957685470581055,T,0.0005008712760172784,8.782582881394774e-05,8.732904461794533e-07,1.5726209312560968e-05,4.4254476961214095e-05,0.007792425807565451,0.9899823069572449,0.001575790229253471,41.56699752807617,3.0460963249206543,0.001048564212396741
P35080,K,69,0.4765860438346863,98.03374921679496,E,5.7930988987209275e-05,0.9770231246948242,0.022919008508324623,E,6.043933899491094e-05,1.1341430763422977e-05,7.15215193736185e-08,0.0087607242166996,0.9752699732780457,0.004105395637452602,0.0008056411752477288,0.01098647154867649,-109.58155822753906,140.17213439941406,0.00021724303951486945
P35080,K,70,0.5227799415588379,107.53583397865295,E,0.00026915562921203673,0.9562889933586121,0.04344192147254944,E,0.00010297474364051595,8.088996401056647e-05,1.228011456078093e-06,0.0031049055978655815,0.9598422050476074,0.002937665907666087,0.0010675647063180804,0.032862596213817596,-79.11967468261719,132.49093627929688,0.00022460259788203984
P35080,C,71,0.06349343061447144,8.91447765827179,E,0.0008715917938388884,0.8547072410583496,0.14442121982574463,E,0.0003229633148293942,0.00015528716903645545,1.2327695912972558e-06,0.0025108468253165483,0.8516854643821716,0.0066505796276032925,0.0015706978738307953,0.13710281252861023,-130.22779846191406,156.0873260498047,0.0002505615702830255
P35080,S,72,0.2545894384384155,29.837882184982302,E,0.0012181369820609689,0.9478564262390137,0.050925347954034805,E,0.0003620150382630527,0.0002634659758768976,1.5707320926594548e-05,0.005436892155557871,0.945579469203949,0.003933878615498543,0.0008918155799619853,0.04351668059825897,-117.06916046142578,137.20135498046875,0.0003078205627389252
P35080,V,73,0.08144927024841309,12.51875283718109,E,0.0005185406771488488,0.9586451649665833,0.0408363901078701,E,0.00014954038488212973,0.0001161736436188221,3.2461828141094884e-06,0.004011853132396936,0.9617091417312622,0.0025052318815141916,0.000823688053060323,0.030681194737553596,-97.76666259765625,123.76628112792969,0.0002306124661117792
P35080,I,74,0.2951110899448395,54.5955516397953,E,0.001085061812773347,0.8813678622245789,0.11754709482192993,E,0.0003248414723202586,0.00018216168973594904,8.643887667858507e-06,0.001189935370348394,0.8978665471076965,0.03169107064604759,0.002141710137948394,0.06659513711929321,-96.8291015625,13.335604667663574,0.00030839568353258073
P35080,R,75,0.48901915550231934,111.98538661003113,E,0.005593361798673868,0.8742079138755798,0.12019877135753632,E,0.0027468588668853045,0.0013867184752598405,5.8196656027575955e-05,0.005469495430588722,0.8831549882888794,0.021490249782800674,0.0066065373830497265,0.07908686995506287,-126.17094421386719,139.7758026123047,0.0016658883541822433
P35080,D,76,0.3498390018939972,50.41180017292499,E,0.03481685370206833,0.7516699433326721,0.21351318061351776,E,0.027783451601862907,0.006063688080757856,0.00013751693768426776,0.0048066540621221066,0.746590793132782,0.03369620069861412,0.018109822645783424,0.16281184554100037,-104.20528411865234,130.4824676513672,0.002544532297179103
P35080,S,77,0.48887017369270325,57.29558435678482,E,0.05514439195394516,0.6909803152084351,0.25387534499168396,E,0.04713382199406624,0.009268595837056637,0.00013373838737607002,0.005492771044373512,0.7011719942092896,0.05839105695486069,0.04318749159574509,0.135220468044281,-105.81735229492188,115.2493896484375,0.007534960750490427
P35080,L,78,0.413228839635849,75.66220053732395,E,0.05277618020772934,0.677798867225647,0.2694249749183655,E,0.04246209189295769,0.01423189789056778,0.0003272246685810387,0.013711315579712391,0.683272123336792,0.060209501534700394,0.05246150493621826,0.1333242803812027,-97.32064819335938,110.32503509521484,0.009885353036224842
P35080,Y,79,0.44199424982070923,94.45417118668556,E,0.031688302755355835,0.6764043569564819,0.29190731048583984,E,0.017068171873688698,0.011819367296993732,0.00032933682086877525,0.027512438595294952,0.6562985181808472,0.06747175753116608,0.03495138883590698,0.184549018740654,-106.02220153808594,134.5743865966797,0.013985242694616318
P35080,V,80,0.5247985124588013,80.66153136491775,E,0.026837855577468872,0.6237044930458069,0.349457710981369,E,0.02121785283088684,0.010757884941995144,0.0003164231893606484,0.03145874664187431,0.6057003736495972,0.07770280539989471,0.11218778043985367,0.14065811038017273,-104.38521575927734,125.75855255126953,0.016377264633774757
P35080,D,81,0.78449547290802,113.04579764604568,C,0.0166800394654274,0.17440734803676605,0.8089125752449036,T,0.01450254488736391,0.003500129096210003,3.1740251870360225e-05,0.005238323472440243,0.14901497960090637,0.10439840704202652,0.5596883296966553,0.163625568151474,-70.28646087646484,64.9300308227539,0.02463349513709545
P35080,G,82,0.7450693845748901,58.636960566043854,C,0.007234696764498949,0.01429906114935875,0.9784662127494812,T,0.00495685450732708,0.0007752039236947894,3.207069312338717e-05,0.0010191826149821281,0.009866728447377682,0.2209109365940094,0.6924859285354614,0.06995320320129395,79.43058013916016,-21.736013412475586,0.01812017150223255
P35080,D,83,0.697895884513855,100.5667969584465,C,0.01388368010520935,0.12318378686904907,0.862932562828064,T,0.013987421058118343,0.001943372655659914,1.8950857338495553e-05,0.006022212095558643,0.12403206527233124,0.251280277967453,0.3607064485549927,0.2420092225074768,-94.79217529296875,43.731571197509766,0.012948269955813885
P35080,C,84,0.316023051738739,44.36963646411896,E,0.00865391455590725,0.6010474562644958,0.39029860496520996,E,0.007581701967865229,0.0012922190362587571,1.3117750313540455e-05,0.009570208378136158,0.6167314052581787,0.08995866030454636,0.04228786751627922,0.23256485164165497,-98.71221160888672,114.05323791503906,0.011586162261664867
P35080,T,85,0.22883197665214539,31.73899516165256,E,0.002223365008831024,0.8353732824325562,0.16240344941616058,E,0.0012675069738179445,0.00043281549005769193,9.588538887328468e-06,0.0041602603159844875,0.8383288979530334,0.023087278008461,0.006695546209812164,0.12601815164089203,-121.18695831298828,143.9832000732422,0.0064033991657197475
P35080,M,86,0.11359071731567383,22.72950253486633,E,0.00163895427249372,0.9103253483772278,0.08803573250770569,E,0.0008907336159609258,0.00047361760516650975,7.343147444771603e-06,0.0031507983803749084,0.9153092503547668,0.009937738068401814,0.002972634043544531,0.0672578439116478,-120.86773681640625,138.7028045654297,0.004408206325024366
P35080,D,87,0.19863605499267578,28.62345552444458,E,0.002429561922326684,0.9252541661262512,0.07231630384922028,E,0.0011713840067386627,0.00062955153407529,2.4528686481062323e-05,0.0018978031584993005,0.931143045425415,0.00861398596316576,0.0025354865938425064,0.05398423224687576,-110.22421264648438,132.0072479248047,0.0014438597718253732
P35080,I,88,0.0490494966506958,9.074156880378723,E,0.001398865832015872,0.9683716893196106,0.030229365453124046,E,0.0004973349859938025,0.0005338205955922604,9.81088032858679e-06,0.001476756064221263,0.9733229279518127,0.0029440715443342924,0.0011597847333177924,0.020055564120411873,-115.42518615722656,129.87237548828125,0.0010195814538747072
P35080,R,89,0.2954651117324829,67.66151058673859,E,0.0009104805067181587,0.9766517281532288,0.02243785187602043,E,0.00021975433628540486,0.0004349870723672211,1.5396441085613333e-05,0.0016714385710656643,0.9773969650268555,0.0024116565473377705,0.0009529157541692257,0.016896918416023254,-121.76842498779297,139.69215393066406,0.0020511592738330364
P35080,T,90,0.0938606858253479,13.018477123975753,E,0.0009076122660189867,0.9119535088539124,0.08713887631893158,E,0.0003101556212641299,0.0003206663823220879,6.8710496634594165e-06,0.004406556487083435,0.9109702110290527,0.00746558140963316,0.0013980602379888296,0.0751219168305397,-122.58416748046875,150.1453399658203,0.0060189557261765
P35080,K,91,0.37201035022735596,76.52252904176711,E,0.0051054698415100574,0.7173415422439575,0.277552992105484,E,0.0032308013178408146,0.0020646259654313326,0.00010043363727163523,0.016421712934970856,0.7168174386024475,0.058079157024621964,0.021746322512626648,0.18153944611549377,-104.34297943115234,138.16148376464844,0.014676026999950409
P35080,S,92,0.3240527808666229,37.97898591756821,C,0.004556996747851372,0.35285672545433044,0.6425862908363342,C,0.002594031859189272,0.001508910907432437,4.12833433074411e-05,0.021527709439396858,0.3131668269634247,0.07055871188640594,0.02050156705081463,0.5701009631156921,-98.5951919555664,143.8076934814453,0.030483052134513855
P35080,Q,93,0.6834355592727661,122.06159088611602,C,0.025515779852867126,0.11114008724689484,0.863344132900238,C,0.0205380842089653,0.008026679046452045,8.541086572222412e-05,0.01535651832818985,0.10368303209543228,0.19765859842300415,0.24539344012737274,0.40925827622413635,-85.35045623779297,102.47144317626953,0.10669099539518356
P35080,G,94,0.8493821024894714,66.84637146592141,C,0.0201939195394516,0.006920742802321911,0.9728853106498718,T,0.02525375969707966,0.003588555846363306,5.840347512275912e-05,0.0038152101915329695,0.005298526491969824,0.2554447054862976,0.541526198387146,0.1650145798921585,70.45343017578125,12.533111572265625,0.12500467896461487
P35080,G,95,0.7235625386238098,56.94437178969383,C,0.018563000485301018,0.006432316266000271,0.9750047326087952,S,0.017463093623518944,0.0028386719059199095,7.88288380135782e-05,0.003538276767358184,0.0044760252349078655,0.49092453718185425,0.16741418838500977,0.31326642632484436,80.23768615722656,-46.461151123046875,0.10404864698648453
P35080,E,96,0.7458863854408264,130.30635153651238,C,0.001630321959964931,0.029017241671681404,0.9693524241447449,C,0.0017586081521585584,0.0002142296580132097,1.6233186670433497e-06,0.008792177774012089,0.02283657342195511,0.3426991403102875,0.017167793586850166,0.6065298318862915,-91.02470397949219,134.77908325195312,0.08106662333011627
P35080,P,97,0.47047069668769836,66.7597918599844,C,0.013185021467506886,0.09865140914916992,0.8881635665893555,C,0.01084157731384039,0.001604313962161541,8.462965524813626e-06,0.018995564430952072,0.08234056085348129,0.0965348482131958,0.051784493029117584,0.7378901839256287,-68.7662124633789,142.1352996826172,0.041222114115953445
P35080,T,98,0.4185636043548584,58.05477192401886,C,0.010387002490460873,0.23702706396579742,0.7525859475135803,C,0.009930186904966831,0.0014201623853296041,1.560022974445019e-05,0.011433947831392288,0.2381056547164917,0.1793203353881836,0.03822426125407219,0.5215498208999634,-101.574951171875,117.59648895263672,0.012055654078722
P35080,Y,99,0.3332306444644928,71.21138872206211,E,0.009795419871807098,0.5704196095466614,0.41978490352630615,E,0.007879558019340038,0.001841595396399498,1.8627295503392816e-05,0.017539868131279945,0.5542500019073486,0.08434384316205978,0.021067151799798012,0.3130592703819275,-121.85398864746094,144.02987670898438,0.00439149234443903
P35080,N,100,0.17215874791145325,25.204040694236756,E,0.0037601871881633997,0.7369303703308105,0.25930944085121155,E,0.0017489910824224353,0.0006031277007423341,8.598655767855234e-06,0.004762604832649231,0.7416978478431702,0.043060075491666794,0.009182087145745754,0.19893662631511688,-108.73190307617188,144.01614379882812,0.00038292346289381385
P35080,V,101,0.03648820519447327,5.608237138390541,E,0.00022709110635332763,0.966700553894043,0.033072248101234436,E,0.0001239605771843344,5.6436787417624146e-05,7.786522928654449e-07,0.001971976598724723,0.9715443253517151,0.0034206495620310307,0.0006170585984364152,0.022264854982495308,-126.36299896240234,138.00682067871094,6.43015155219473e-05
P35080,A,102,0.06445324420928955,7.102747511863709,E,0.0001672525831963867,0.9930002689361572,0.006832517217844725,E,2.3764536308590323e-05,5.509918264579028e-05,1.0408689377072733e-06,0.0001730534277157858,0.9941737055778503,0.0004758851137012243,0.00012597987370099872,0.004971358925104141,-119.28089141845703,137.1024932861328,3.0430639526457526e-05
P35080,V,103,0.05037331581115723,7.7423786401748655,E,0.00019535164756234735,0.9955071210861206,0.004297581035643816,E,3.659037247416563e-05,7.061694486765191e-05,9.027205010170292e-07,0.0001391288242302835,0.9965094923973083,0.00038257931009866297,0.00016228621825575829,0.0026984026189893484,-112.14582824707031,128.28924560546875,3.0020359190530144e-05
P35080,G,104,0.08292242884635925,6.525995150208473,E,0.0001490245049353689,0.9980399012565613,0.0018110476667061448,E,1.4178803212416824e-05,6.658289203187451e-05,1.8245634691993473e-06,4.167004590271972e-05,0.9982892870903015,0.0001541729288874194,5.953114668955095e-05,0.0013727485202252865,-131.7493438720703,159.98336791992188,0.00010689000191632658
P35080,R,105,0.31985652446746826,73.24714410305023,E,0.00014683333574794233,0.9946902990341187,0.00516297435387969,E,5.504983710125089e-05,4.450052074389532e-05,3.167417332861078e-07,0.00041370681719854474,0.9949244260787964,0.0002666293294169009,0.00015486267511732876,0.0041405316442251205,-104.39326477050781,133.45314025878906,0.00017089510220102966
P35080,A,106,0.13170257210731506,14.51362344622612,E,0.002080088248476386,0.5908758640289307,0.40704402327537537,E,0.0006314099300652742,0.0005513692740350962,6.455642960645491e-06,0.00630809273570776,0.6115587949752808,0.014226953499019146,0.009621311910450459,0.3570956289768219,-112.80967712402344,171.9812469482422,0.00043814434320665896
P35080,G,107,0.4721217155456543,37.155979013442995,C,0.00021861985442228615,0.08569633215665817,0.9140850901603699,S,0.0001933120802277699,1.6190530004678294e-05,2.777993302061077e-07,0.000281640503089875,0.06299719214439392,0.7892084121704102,0.1012633740901947,0.046039581298828125,-64.68206024169922,-41.77015686035156,0.00019775101100094616
P35080,R,108,0.463092565536499,106.04819750785828,C,0.00010096050391439348,0.2216687649488449,0.7782303094863892,S,0.00011260790779488161,1.0196738912782166e-05,2.1320217058473645e-07,0.0013675842201337218,0.19129087030887604,0.6625158190727234,0.06722573935985565,0.07747707515954971,-122.43009185791016,68.45858001708984,0.00042330307769589126
P35080,V,109,0.037126123905181885,5.706285244226455,E,1.5156904737523291e-05,0.971324622631073,0.02866017073392868,E,5.85112456974457e-06,1.9185786186426412e-06,2.0126844191281634e-08,0.0002818531065713614,0.9736682772636414,0.00264713354408741,0.00036345297121442854,0.023031575605273247,-133.8120880126953,149.39198303222656,9.044462058227509e-05
P35080,L,110,0.03372034430503845,6.17419504225254,E,1.6630410755169578e-05,0.9987587928771973,0.0012245744001120329,E,3.9514088712166995e-06,2.6783013709064107e-06,4.345036686004278e-08,7.856774755055085e-05,0.9988527297973633,0.00011704785720212385,2.6238762075081468e-05,0.0009186924435198307,-113.30496978759766,130.1273651123047,3.37113015120849e-05
P35080,V,111,0.010284096002578735,1.5806655555963516,E,1.2562505617097486e-05,0.999748170375824,0.00023927628353703767,E,1.642945790081285e-06,2.0924485397699755e-06,1.593219423057235e-08,1.0807278158608824e-05,0.9998145699501038,1.589094244991429e-05,5.951311777607771e-06,0.00014905632997397333,-107.05291748046875,123.88555908203125,4.188633283774834e-06
P35080,F,112,0.04550471901893616,9.132797107100487,E,1.7359761841362342e-05,0.9990302324295044,0.0009524124907329679,E,2.1156381535547553e-06,2.9646184884768445e-06,9.156049429748236e-08,3.515564458211884e-05,0.9992167949676514,8.44535170472227e-05,2.8010752430418506e-05,0.0006303272675722837,-108.11598205566406,123.3882827758789,5.72298449696973e-06
P35080,V,113,0.020300477743148804,3.1201834291219708,E,2.8449729143176228e-05,0.9970318078994751,0.002939771395176649,E,5.545682142837904e-06,4.053393695357954e-06,1.1568437940923104e-07,9.516850695945323e-05,0.9971663355827332,0.00027785683050751686,5.2558694733306766e-05,0.00239828834310174,-121.54742431640625,142.06739807128906,3.014748108398635e-05
P35080,M,114,0.11859562993049622,23.730985549092292,E,2.2985366740613244e-05,0.9916606545448303,0.00831640511751175,E,5.195319772610674e-06,6.14589362157858e-06,1.139593521770621e-07,0.000671632878948003,0.9912351369857788,0.0008527608006261289,0.00011504011490615085,0.007113873492926359,-125.26020812988281,141.7109832763672,9.899400174617767e-05
P35080,G,115,0.05168282985687256,4.06743870973587,E,7.815446588210762e-05,0.8692526817321777,0.13066919147968292,E,2.704105463635642e-05,1.5041946426208597e-05,6.499951155092276e-07,0.0041084373369812965,0.8671808242797852,0.026509754359722137,0.000943420163821429,0.10121484100818634,-150.6629638671875,177.27867126464844,0.0004529870057012886
P35080,K,116,0.4392286539077759,90.3493341088295,C,0.0031028655357658863,0.31138211488723755,0.6855149865150452,C,0.0012618487235158682,0.0014140987768769264,4.597747829393484e-05,0.03301236033439636,0.30815771222114563,0.16998344659805298,0.01430364977568388,0.47182098031044006,-87.48429107666016,150.03582763671875,0.006874258164316416
P35080,E,117,0.7358851432800293,128.5591345310211,C,0.0206146240234375,0.01712261699140072,0.9622626900672913,T,0.01723989099264145,0.003684780327603221,1.5134339264477603e-05,0.003081423696130514,0.004590074997395277,0.10515858978033066,0.8331122994422913,0.033117786049842834,-59.18326950073242,138.32969665527344,0.004583817906677723
P35080,G,118,0.7036663889884949,55.37854481339455,C,0.02295418456196785,0.0062364558689296246,0.9708093404769897,T,0.0136586157605052,0.005718913394957781,0.0001992408069781959,0.001276936149224639,0.0028053533751517534,0.08547251671552658,0.8161510825157166,0.07471727579832077,83.25164031982422,4.231539249420166,0.007720553316175938
P35080,V,119,0.21507075428962708,33.05637493431568,C,0.02570684626698494,0.07270146161317825,0.9015917778015137,C,0.01111218798905611,0.013848787173628807,0.0001656845852266997,0.06182770058512688,0.04213957488536835,0.15825822949409485,0.03280609846115112,0.6798418164253235,-91.55819702148438,136.39669799804688,0.018001729622483253
P35080,H,120,0.5710686445236206,103.87738643884659,C,0.02895400859415531,0.04195768013596535,0.929088294506073,C,0.0067881629802286625,0.016626974567770958,0.0001416104205418378,0.031945712864398956,0.023774851113557816,0.058132924139499664,0.02976742386817932,0.832822322845459,-96.58767700195312,140.6584930419922,0.01896296814084053
P35080,G,121,0.3007398843765259,23.668228900432588,H,0.5718549489974976,0.005654646083712578,0.4224903881549835,H,0.08098984509706497,0.49989762902259827,0.0015814071521162987,0.0020843723323196173,0.0035023456439375877,0.07878247648477554,0.17354950308799744,0.1596125364303589,-56.396881103515625,-37.26766586303711,0.019146671518683434
P35080,G,122,0.48739713430404663,38.35815446972847,H,0.615655779838562,0.00424290681257844,0.3801012933254242,H,0.05424042418599129,0.5718101263046265,0.003937653731554747,0.0014720014296472073,0.002591969445347786,0.07011152058839798,0.1833634078502655,0.11247288435697556,-57.81643295288086,-36.20245361328125,0.010440567508339882
P35080,G,123,0.3093971312046051,24.34955422580242,H,0.8295049667358398,0.003001220989972353,0.1674937903881073,H,0.039124567061662674,0.7920591831207275,0.00343555910512805,0.001265896949917078,0.001672469894401729,0.02392813190817833,0.07221171259880066,0.06630246341228485,-65.47769165039062,-34.87148666381836,0.005921181757003069
P35080,L,124,0.03474777936935425,6.3623184025287625,H,0.9787015914916992,0.0005050607142038643,0.020793361589312553,H,0.008285554125905037,0.9699894189834595,0.0036777479108422995,0.00027725734980776906,0.0001904437376651913,0.0028970397543162107,0.0057145110331475735,0.008968026377260685,-63.490234375,-42.52021789550781,0.001119860797189176
P35080,N,125,0.21172699332237244,30.996831822395325,H,0.9926124811172485,0.00016440998297184706,0.007223096676170826,H,0.0011828321730718017,0.9911367893218994,0.002529376884922385,3.0099145078565925e-05,6.979585305089131e-05,0.000672227528411895,0.0014346024254336953,0.002944421488791704,-61.6874885559082,-42.42598342895508,0.0007799325394444168
P35080,K,126,0.5962638258934021,122.6514689862728,H,0.9979727864265442,7.674684457015246e-05,0.0019505091477185488,H,0.0005623677861876786,0.996942937374115,0.0010065261740237474,1.0471187124494463e-05,2.9467606509570032e-05,0.00012659092317335308,0.0008551201317459345,0.0004665534943342209,-64.66911315917969,-41.94520950317383,0.00015166713274084032
P35080,K,127,0.2755655348300934,56.68383051455021,H,0.998563826084137,0.00011734344298020005,0.0013188201701268554,H,0.0006098477751947939,0.9976173043251038,0.0005681731854565442,1.9724442609003745e-05,4.284829992684536e-05,9.922391473082826e-05,0.0006537932786159217,0.0003891852393280715,-65.74070739746094,-41.5607795715332,0.00012231283471919596
P35080,A,128,0.0067535340785980225,0.744239455461502,H,0.9995156526565552,2.2402629838325083e-05,0.0004619020619429648,H,0.0002724024234339595,0.9989227652549744,0.000397153984522447,2.641952505655354e-06,8.039711246965453e-06,4.1065668483497575e-05,0.00024035507522057742,0.00011550787894520909,-62.90924072265625,-44.28108215332031,5.882506229681894e-05
P35080,Y,129,0.3332447409629822,71.21440114378929,H,0.9993294477462769,4.2413652408868074e-05,0.0006281370879150927,H,0.0004312664968892932,0.9984973669052124,0.000421675737015903,3.902301614289172e-06,1.4538880350301042e-05,4.222834104439244e-05,0.00044440440251491964,0.00014467215805780143,-63.55143356323242,-41.85823440551758,0.00014685624046251178
P35080,S,130,0.42797160148620605,50.15827169418335,H,0.9989569187164307,3.151311102556065e-05,0.0010115194600075483,H,0.00025796215049922466,0.9986186027526855,0.00015959734446369112,5.199382485443493e-06,1.0990614100592211e-05,3.7186047848081216e-05,0.0006847217446193099,0.00022574611648451537,-63.241966247558594,-43.01081466674805,9.212565055349842e-05
P35080,M,131,0.049134254455566406,9.831764316558838,H,0.9986205101013184,1.455923938920023e-05,0.0013649321626871824,H,0.00036064788582734764,0.9981454610824585,0.00015134617569856346,2.0279317141103093e-06,4.820521553483559e-06,7.748893403913826e-05,0.0008762946235947311,0.0003819129487965256,-64.31415557861328,-42.387630462646484,0.00013070882414467633
P35080,A,132,0.02064099907875061,2.2746380984783174,H,0.9993902444839478,6.703431608912069e-06,0.0006030618096701801,H,0.0003660502552520484,0.9988541603088379,0.00011671440006466582,7.387267260128283e-07,2.6978241294273175e-06,5.970747224637307e-05,0.00040493501001037657,0.00019501522183418274,-61.71780014038086,-44.01762771606445,0.00011974875087616965
P35080,K,133,0.5165639519691467,106.25720492005348,H,0.9989294409751892,1.9485023585730232e-05,0.0010510339634492993,H,0.0009143557981587946,0.9976536631584167,0.00019369790970813483,2.4837288492562948e-06,1.0118554200744256e-05,3.932570689357817e-05,0.0008784192032180727,0.00030787120340391994,-63.0572509765625,-43.15693664550781,0.0002492572530172765
P35080,Y,134,0.3129231929779053,66.87168633937836,H,0.9992490410804749,2.591872907942161e-05,0.0007249602349475026,H,0.0004018163599539548,0.997606635093689,0.0012907144846394658,3.1746740205562674e-06,1.2002159564872272e-05,1.604152930667624e-05,0.0004391964466776699,0.00023035731283016503,-61.222259521484375,-46.859188079833984,0.00018978997832164168
P35080,L,135,0.032238662242889404,5.90289905667305,H,0.9977051615715027,3.215866308892146e-05,0.0022627233993262053,H,0.0007191094337031245,0.9958124756813049,0.000887090340256691,3.86434430765803e-06,1.189155773317907e-05,8.236818393925205e-05,0.0019104669336229563,0.0005726789822801948,-62.83523941040039,-42.195579528808594,0.00030360723030753434
P35080,R,136,0.4221920967102051,96.68199014663696,H,0.9878250360488892,0.00011892861948581412,0.012056100182235241,H,0.001858379109762609,0.9848462343215942,0.0009168366668745875,4.779261507792398e-05,4.926656765746884e-05,0.00042028757161460817,0.009044953621923923,0.002816221211105585,-61.82966613769531,-42.57899475097656,0.0016179420053958893
P35080,D,137,0.8334431052207947,120.09915146231651,H,0.9396414756774902,4.192620690446347e-05,0.06031659618020058,H,0.003507592948153615,0.9393222332000732,0.0015759854577481747,2.4197659513447434e-05,1.2942565263074357e-05,0.001333323772996664,0.047999728471040726,0.006223900709301233,-63.86739730834961,-29.04865837097168,0.0054046642035245895
P35080,S,138,0.418998122215271,49.10657992362976,C,0.17149163782596588,5.769293420598842e-05,0.8284506797790527,T,0.0032366986852139235,0.14892596006393433,0.0004113578179385513,3.09835777443368e-05,6.566924639628269e-06,0.01123854797333479,0.8139524459838867,0.022197505459189415,-80.03803253173828,-4.361701011657715,0.013014008291065693
P35080,G,139,0.6637127995491028,52.23419732451439,C,0.004221322480589151,0.00012867242912761867,0.9956499934196472,T,0.00047596407239325345,0.0015698728384450078,0.00010663321154424921,2.9713632102357224e-05,2.590873191365972e-05,0.008470851927995682,0.9354220628738403,0.05389898642897606,88.1125259399414,15.983059883117676,0.0578305684030056
P35080,F,140,0.4506132900714874,90.43808731734752,C,0.00039750838186591864,5.241491453489289e-05,0.9995500445365906,C,6.172249413793907e-05,9.117191802943125e-05,3.8999155549390707e-07,3.3095817343564704e-05,3.0271103241830133e-05,0.001305856741964817,0.0013245809823274612,0.9971529245376587,-85.633056640625,90.07337951660156,0.08421336114406586
